{"level":"info","message":"PostgreSQL connected at Sun Feb 15 2026 23:57:07 GMT+0300 (Arabian Standard Time)","service":"sahara-fuel-api","timestamp":"2026-02-15 23:57:07"}
{"level":"info","message":"✅ PostgreSQL متصل","service":"sahara-fuel-api","timestamp":"2026-02-15 23:57:07"}
{"code":"ECONNREFUSED","level":"error","message":"Redis error:","service":"sahara-fuel-api","stack":"AggregateError [ECONNREFUSED]: \n    at internalConnectMultiple (node:net:1134:18)\n    at afterConnectMultiple (node:net:1715:7)","timestamp":"2026-02-15 23:57:07"}
{"level":"warn","message":"Redis reconnecting...","service":"sahara-fuel-api","timestamp":"2026-02-15 23:57:07"}
{"code":"ECONNREFUSED","level":"error","message":"Redis error:","service":"sahara-fuel-api","stack":"AggregateError [ECONNREFUSED]: \n    at internalConnectMultiple (node:net:1134:18)\n    at afterConnectMultiple (node:net:1715:7)","timestamp":"2026-02-15 23:57:07"}
{"level":"warn","message":"Redis reconnecting...","service":"sahara-fuel-api","timestamp":"2026-02-15 23:57:07"}
{"code":"ECONNREFUSED","level":"error","message":"Redis error:","service":"sahara-fuel-api","stack":"AggregateError [ECONNREFUSED]: \n    at internalConnectMultiple (node:net:1134:18)\n    at afterConnectMultiple (node:net:1715:7)","timestamp":"2026-02-15 23:57:07"}
{"level":"warn","message":"Redis reconnecting...","service":"sahara-fuel-api","timestamp":"2026-02-15 23:57:07"}
{"code":"ECONNREFUSED","level":"error","message":"Redis error:","service":"sahara-fuel-api","stack":"AggregateError [ECONNREFUSED]: \n    at internalConnectMultiple (node:net:1134:18)\n    at afterConnectMultiple (node:net:1715:7)","timestamp":"2026-02-15 23:57:07"}
{"level":"warn","message":"Redis reconnecting...","service":"sahara-fuel-api","timestamp":"2026-02-15 23:57:07"}
{"code":"ECONNREFUSED","level":"error","message":"Redis error:","service":"sahara-fuel-api","stack":"AggregateError [ECONNREFUSED]: \n    at internalConnectMultiple (node:net:1134:18)\n    at afterConnectMultiple (node:net:1715:7)","timestamp":"2026-02-15 23:57:07"}
{"level":"warn","message":"Redis reconnecting...","service":"sahara-fuel-api","timestamp":"2026-02-15 23:57:08"}
{"code":"ECONNREFUSED","level":"error","message":"Redis error:","service":"sahara-fuel-api","stack":"AggregateError [ECONNREFUSED]: \n    at internalConnectMultiple (node:net:1134:18)\n    at afterConnectMultiple (node:net:1715:7)","timestamp":"2026-02-15 23:57:08"}
{"level":"warn","message":"Redis reconnecting...","service":"sahara-fuel-api","timestamp":"2026-02-15 23:57:08"}
{"code":"ECONNREFUSED","level":"error","message":"Redis error:","service":"sahara-fuel-api","stack":"AggregateError [ECONNREFUSED]: \n    at internalConnectMultiple (node:net:1134:18)\n    at afterConnectMultiple (node:net:1715:7)","timestamp":"2026-02-15 23:57:08"}
{"level":"warn","message":"Redis reconnecting...","service":"sahara-fuel-api","timestamp":"2026-02-15 23:57:08"}
{"code":"ECONNREFUSED","level":"error","message":"Redis error:","service":"sahara-fuel-api","stack":"AggregateError [ECONNREFUSED]: \n    at internalConnectMultiple (node:net:1134:18)\n    at afterConnectMultiple (node:net:1715:7)","timestamp":"2026-02-15 23:57:08"}
{"level":"warn","message":"Redis reconnecting...","service":"sahara-fuel-api","timestamp":"2026-02-15 23:57:08"}
{"code":"ECONNREFUSED","level":"error","message":"Redis error:","service":"sahara-fuel-api","stack":"AggregateError [ECONNREFUSED]: \n    at internalConnectMultiple (node:net:1134:18)\n    at afterConnectMultiple (node:net:1715:7)","timestamp":"2026-02-15 23:57:08"}
{"level":"warn","message":"Redis reconnecting...","service":"sahara-fuel-api","timestamp":"2026-02-15 23:57:09"}
{"code":"ECONNREFUSED","level":"error","message":"Redis error:","service":"sahara-fuel-api","stack":"AggregateError [ECONNREFUSED]: \n    at internalConnectMultiple (node:net:1134:18)\n    at afterConnectMultiple (node:net:1715:7)","timestamp":"2026-02-15 23:57:09"}
{"level":"warn","message":"Redis reconnecting...","service":"sahara-fuel-api","timestamp":"2026-02-15 23:57:09"}
{"code":"ECONNREFUSED","level":"error","message":"Redis error:","service":"sahara-fuel-api","stack":"AggregateError [ECONNREFUSED]: \n    at internalConnectMultiple (node:net:1134:18)\n    at afterConnectMultiple (node:net:1715:7)","timestamp":"2026-02-15 23:57:09"}
{"level":"warn","message":"Redis reconnecting...","service":"sahara-fuel-api","timestamp":"2026-02-15 23:57:10"}
{"code":"ECONNREFUSED","level":"error","message":"Redis error:","service":"sahara-fuel-api","stack":"AggregateError [ECONNREFUSED]: \n    at internalConnectMultiple (node:net:1134:18)\n    at afterConnectMultiple (node:net:1715:7)","timestamp":"2026-02-15 23:57:10"}
{"level":"warn","message":"Redis reconnecting...","service":"sahara-fuel-api","timestamp":"2026-02-15 23:57:10"}
{"code":"ECONNREFUSED","level":"error","message":"Redis error:","service":"sahara-fuel-api","stack":"AggregateError [ECONNREFUSED]: \n    at internalConnectMultiple (node:net:1134:18)\n    at afterConnectMultiple (node:net:1715:7)","timestamp":"2026-02-15 23:57:10"}
{"level":"warn","message":"Redis reconnecting...","service":"sahara-fuel-api","timestamp":"2026-02-15 23:57:11"}
{"code":"ECONNREFUSED","level":"error","message":"Redis error:","service":"sahara-fuel-api","stack":"AggregateError [ECONNREFUSED]: \n    at internalConnectMultiple (node:net:1134:18)\n    at afterConnectMultiple (node:net:1715:7)","timestamp":"2026-02-15 23:57:11"}
{"level":"warn","message":"Redis reconnecting...","service":"sahara-fuel-api","timestamp":"2026-02-15 23:57:11"}
{"code":"ECONNREFUSED","level":"error","message":"Redis error:","service":"sahara-fuel-api","stack":"AggregateError [ECONNREFUSED]: \n    at internalConnectMultiple (node:net:1134:18)\n    at afterConnectMultiple (node:net:1715:7)","timestamp":"2026-02-15 23:57:11"}
{"level":"warn","message":"Redis reconnecting...","service":"sahara-fuel-api","timestamp":"2026-02-15 23:57:12"}
{"code":"ECONNREFUSED","level":"error","message":"Redis error:","service":"sahara-fuel-api","stack":"AggregateError [ECONNREFUSED]: \n    at internalConnectMultiple (node:net:1134:18)\n    at afterConnectMultiple (node:net:1715:7)","timestamp":"2026-02-15 23:57:12"}
{"level":"warn","message":"Redis reconnecting...","service":"sahara-fuel-api","timestamp":"2026-02-15 23:57:12"}
{"code":"ECONNREFUSED","level":"error","message":"Redis error:","service":"sahara-fuel-api","stack":"AggregateError [ECONNREFUSED]: \n    at internalConnectMultiple (node:net:1134:18)\n    at afterConnectMultiple (node:net:1715:7)","timestamp":"2026-02-15 23:57:12"}
{"level":"warn","message":"Redis reconnecting...","service":"sahara-fuel-api","timestamp":"2026-02-15 23:57:13"}
{"code":"ECONNREFUSED","level":"error","message":"Redis error:","service":"sahara-fuel-api","stack":"AggregateError [ECONNREFUSED]: \n    at internalConnectMultiple (node:net:1134:18)\n    at afterConnectMultiple (node:net:1715:7)","timestamp":"2026-02-15 23:57:13"}
{"level":"warn","message":"Redis reconnecting...","service":"sahara-fuel-api","timestamp":"2026-02-15 23:57:13"}
{"code":"ECONNREFUSED","level":"error","message":"Redis error:","service":"sahara-fuel-api","stack":"AggregateError [ECONNREFUSED]: \n    at internalConnectMultiple (node:net:1134:18)\n    at afterConnectMultiple (node:net:1715:7)","timestamp":"2026-02-15 23:57:13"}
{"level":"warn","message":"Redis reconnecting...","service":"sahara-fuel-api","timestamp":"2026-02-15 23:57:14"}
{"code":"ECONNREFUSED","level":"error","message":"Redis error:","service":"sahara-fuel-api","stack":"AggregateError [ECONNREFUSED]: \n    at internalConnectMultiple (node:net:1134:18)\n    at afterConnectMultiple (node:net:1715:7)","timestamp":"2026-02-15 23:57:14"}
{"level":"warn","message":"Redis reconnecting...","service":"sahara-fuel-api","timestamp":"2026-02-15 23:57:15"}
{"code":"ECONNREFUSED","level":"error","message":"Redis error:","service":"sahara-fuel-api","stack":"AggregateError [ECONNREFUSED]: \n    at internalConnectMultiple (node:net:1134:18)\n    at afterConnectMultiple (node:net:1715:7)","timestamp":"2026-02-15 23:57:15"}
{"level":"warn","message":"Redis reconnecting...","service":"sahara-fuel-api","timestamp":"2026-02-15 23:57:15"}
{"code":"ECONNREFUSED","level":"error","message":"Redis error:","service":"sahara-fuel-api","stack":"AggregateError [ECONNREFUSED]: \n    at internalConnectMultiple (node:net:1134:18)\n    at afterConnectMultiple (node:net:1715:7)","timestamp":"2026-02-15 23:57:15"}
{"level":"warn","message":"Redis reconnecting...","service":"sahara-fuel-api","timestamp":"2026-02-15 23:57:16"}
{"code":"ECONNREFUSED","level":"error","message":"Redis error:","service":"sahara-fuel-api","stack":"AggregateError [ECONNREFUSED]: \n    at internalConnectMultiple (node:net:1134:18)\n    at afterConnectMultiple (node:net:1715:7)","timestamp":"2026-02-15 23:57:16"}
{"level":"warn","message":"Redis reconnecting...","service":"sahara-fuel-api","timestamp":"2026-02-15 23:57:16"}
{"code":"ECONNREFUSED","level":"error","message":"Redis error:","service":"sahara-fuel-api","stack":"AggregateError [ECONNREFUSED]: \n    at internalConnectMultiple (node:net:1134:18)\n    at afterConnectMultiple (node:net:1715:7)","timestamp":"2026-02-15 23:57:16"}
{"level":"warn","message":"Redis reconnecting...","service":"sahara-fuel-api","timestamp":"2026-02-15 23:57:17"}
{"code":"ECONNREFUSED","level":"error","message":"Redis error:","service":"sahara-fuel-api","stack":"AggregateError [ECONNREFUSED]: \n    at internalConnectMultiple (node:net:1134:18)\n    at afterConnectMultiple (node:net:1715:7)","timestamp":"2026-02-15 23:57:17"}
{"level":"warn","message":"Redis reconnecting...","service":"sahara-fuel-api","timestamp":"2026-02-15 23:57:17"}
{"code":"ECONNREFUSED","level":"error","message":"Redis error:","service":"sahara-fuel-api","stack":"AggregateError [ECONNREFUSED]: \n    at internalConnectMultiple (node:net:1134:18)\n    at afterConnectMultiple (node:net:1715:7)","timestamp":"2026-02-15 23:57:17"}
{"level":"warn","message":"Redis reconnecting...","service":"sahara-fuel-api","timestamp":"2026-02-15 23:57:18"}
{"code":"ECONNREFUSED","level":"error","message":"Redis error:","service":"sahara-fuel-api","stack":"AggregateError [ECONNREFUSED]: \n    at internalConnectMultiple (node:net:1134:18)\n    at afterConnectMultiple (node:net:1715:7)","timestamp":"2026-02-15 23:57:18"}
{"level":"warn","message":"Redis reconnecting...","service":"sahara-fuel-api","timestamp":"2026-02-15 23:57:18"}
{"code":"ECONNREFUSED","level":"error","message":"Redis error:","service":"sahara-fuel-api","stack":"AggregateError [ECONNREFUSED]: \n    at internalConnectMultiple (node:net:1134:18)\n    at afterConnectMultiple (node:net:1715:7)","timestamp":"2026-02-15 23:57:18"}
{"level":"warn","message":"Redis reconnecting...","service":"sahara-fuel-api","timestamp":"2026-02-15 23:57:19"}
{"code":"ECONNREFUSED","level":"error","message":"Redis error:","service":"sahara-fuel-api","stack":"AggregateError [ECONNREFUSED]: \n    at internalConnectMultiple (node:net:1134:18)\n    at afterConnectMultiple (node:net:1715:7)","timestamp":"2026-02-15 23:57:19"}
{"level":"warn","message":"Redis reconnecting...","service":"sahara-fuel-api","timestamp":"2026-02-15 23:57:19"}
{"code":"ECONNREFUSED","level":"error","message":"Redis error:","service":"sahara-fuel-api","stack":"AggregateError [ECONNREFUSED]: \n    at internalConnectMultiple (node:net:1134:18)\n    at afterConnectMultiple (node:net:1715:7)","timestamp":"2026-02-15 23:57:19"}
{"level":"warn","message":"Redis reconnecting...","service":"sahara-fuel-api","timestamp":"2026-02-15 23:57:20"}
{"code":"ECONNREFUSED","level":"error","message":"Redis error:","service":"sahara-fuel-api","stack":"AggregateError [ECONNREFUSED]: \n    at internalConnectMultiple (node:net:1134:18)\n    at afterConnectMultiple (node:net:1715:7)","timestamp":"2026-02-15 23:57:20"}
{"level":"warn","message":"Redis reconnecting...","service":"sahara-fuel-api","timestamp":"2026-02-15 23:57:20"}
{"code":"ECONNREFUSED","level":"error","message":"Redis error:","service":"sahara-fuel-api","stack":"AggregateError [ECONNREFUSED]: \n    at internalConnectMultiple (node:net:1134:18)\n    at afterConnectMultiple (node:net:1715:7)","timestamp":"2026-02-15 23:57:20"}
{"level":"warn","message":"Redis reconnecting...","service":"sahara-fuel-api","timestamp":"2026-02-15 23:57:21"}
{"code":"ECONNREFUSED","level":"error","message":"Redis error:","service":"sahara-fuel-api","stack":"AggregateError [ECONNREFUSED]: \n    at internalConnectMultiple (node:net:1134:18)\n    at afterConnectMultiple (node:net:1715:7)","timestamp":"2026-02-15 23:57:21"}
{"level":"warn","message":"Redis reconnecting...","service":"sahara-fuel-api","timestamp":"2026-02-15 23:57:21"}
{"code":"ECONNREFUSED","level":"error","message":"Redis error:","service":"sahara-fuel-api","stack":"AggregateError [ECONNREFUSED]: \n    at internalConnectMultiple (node:net:1134:18)\n    at afterConnectMultiple (node:net:1715:7)","timestamp":"2026-02-15 23:57:21"}
{"level":"warn","message":"Redis reconnecting...","service":"sahara-fuel-api","timestamp":"2026-02-15 23:57:22"}
{"code":"ECONNREFUSED","level":"error","message":"Redis error:","service":"sahara-fuel-api","stack":"AggregateError [ECONNREFUSED]: \n    at internalConnectMultiple (node:net:1134:18)\n    at afterConnectMultiple (node:net:1715:7)","timestamp":"2026-02-15 23:57:22"}
{"level":"warn","message":"Redis reconnecting...","service":"sahara-fuel-api","timestamp":"2026-02-15 23:57:22"}
{"code":"ECONNREFUSED","level":"error","message":"Redis error:","service":"sahara-fuel-api","stack":"AggregateError [ECONNREFUSED]: \n    at internalConnectMultiple (node:net:1134:18)\n    at afterConnectMultiple (node:net:1715:7)","timestamp":"2026-02-15 23:57:22"}
{"level":"warn","message":"Redis reconnecting...","service":"sahara-fuel-api","timestamp":"2026-02-15 23:57:23"}
{"code":"ECONNREFUSED","level":"error","message":"Redis error:","service":"sahara-fuel-api","stack":"AggregateError [ECONNREFUSED]: \n    at internalConnectMultiple (node:net:1134:18)\n    at afterConnectMultiple (node:net:1715:7)","timestamp":"2026-02-15 23:57:23"}
{"level":"warn","message":"Redis reconnecting...","service":"sahara-fuel-api","timestamp":"2026-02-15 23:57:23"}
{"code":"ECONNREFUSED","level":"error","message":"Redis error:","service":"sahara-fuel-api","stack":"AggregateError [ECONNREFUSED]: \n    at internalConnectMultiple (node:net:1134:18)\n    at afterConnectMultiple (node:net:1715:7)","timestamp":"2026-02-15 23:57:23"}
{"level":"warn","message":"Redis reconnecting...","service":"sahara-fuel-api","timestamp":"2026-02-15 23:57:24"}
{"code":"ECONNREFUSED","level":"error","message":"Redis error:","service":"sahara-fuel-api","stack":"AggregateError [ECONNREFUSED]: \n    at internalConnectMultiple (node:net:1134:18)\n    at afterConnectMultiple (node:net:1715:7)","timestamp":"2026-02-15 23:57:24"}
{"level":"warn","message":"Redis reconnecting...","service":"sahara-fuel-api","timestamp":"2026-02-15 23:57:24"}
{"code":"ECONNREFUSED","level":"error","message":"Redis error:","service":"sahara-fuel-api","stack":"AggregateError [ECONNREFUSED]: \n    at internalConnectMultiple (node:net:1134:18)\n    at afterConnectMultiple (node:net:1715:7)","timestamp":"2026-02-15 23:57:24"}
{"level":"warn","message":"Redis reconnecting...","service":"sahara-fuel-api","timestamp":"2026-02-15 23:57:25"}
{"code":"ECONNREFUSED","level":"error","message":"Redis error:","service":"sahara-fuel-api","stack":"AggregateError [ECONNREFUSED]: \n    at internalConnectMultiple (node:net:1134:18)\n    at afterConnectMultiple (node:net:1715:7)","timestamp":"2026-02-15 23:57:25"}
{"level":"warn","message":"Redis reconnecting...","service":"sahara-fuel-api","timestamp":"2026-02-15 23:57:25"}
{"code":"ECONNREFUSED","level":"error","message":"Redis error:","service":"sahara-fuel-api","stack":"AggregateError [ECONNREFUSED]: \n    at internalConnectMultiple (node:net:1134:18)\n    at afterConnectMultiple (node:net:1715:7)","timestamp":"2026-02-15 23:57:25"}
{"level":"warn","message":"Redis reconnecting...","service":"sahara-fuel-api","timestamp":"2026-02-15 23:57:26"}
{"code":"ECONNREFUSED","level":"error","message":"Redis error:","service":"sahara-fuel-api","stack":"AggregateError [ECONNREFUSED]: \n    at internalConnectMultiple (node:net:1134:18)\n    at afterConnectMultiple (node:net:1715:7)","timestamp":"2026-02-15 23:57:26"}
{"level":"warn","message":"Redis reconnecting...","service":"sahara-fuel-api","timestamp":"2026-02-15 23:57:26"}
{"code":"ECONNREFUSED","level":"error","message":"Redis error:","service":"sahara-fuel-api","stack":"AggregateError [ECONNREFUSED]: \n    at internalConnectMultiple (node:net:1134:18)\n    at afterConnectMultiple (node:net:1715:7)","timestamp":"2026-02-15 23:57:26"}
{"level":"warn","message":"Redis reconnecting...","service":"sahara-fuel-api","timestamp":"2026-02-15 23:57:27"}
{"code":"ECONNREFUSED","level":"error","message":"Redis error:","service":"sahara-fuel-api","stack":"AggregateError [ECONNREFUSED]: \n    at internalConnectMultiple (node:net:1134:18)\n    at afterConnectMultiple (node:net:1715:7)","timestamp":"2026-02-15 23:57:27"}
{"level":"warn","message":"Redis reconnecting...","service":"sahara-fuel-api","timestamp":"2026-02-15 23:57:27"}
{"code":"ECONNREFUSED","level":"error","message":"Redis error:","service":"sahara-fuel-api","stack":"AggregateError [ECONNREFUSED]: \n    at internalConnectMultiple (node:net:1134:18)\n    at afterConnectMultiple (node:net:1715:7)","timestamp":"2026-02-15 23:57:27"}
{"level":"warn","message":"Redis reconnecting...","service":"sahara-fuel-api","timestamp":"2026-02-15 23:57:28"}
{"code":"ECONNREFUSED","level":"error","message":"Redis error:","service":"sahara-fuel-api","stack":"AggregateError [ECONNREFUSED]: \n    at internalConnectMultiple (node:net:1134:18)\n    at afterConnectMultiple (node:net:1715:7)","timestamp":"2026-02-15 23:57:28"}
{"level":"warn","message":"Redis reconnecting...","service":"sahara-fuel-api","timestamp":"2026-02-15 23:57:28"}
{"code":"ECONNREFUSED","level":"error","message":"Redis error:","service":"sahara-fuel-api","stack":"AggregateError [ECONNREFUSED]: \n    at internalConnectMultiple (node:net:1134:18)\n    at afterConnectMultiple (node:net:1715:7)","timestamp":"2026-02-15 23:57:28"}
{"level":"warn","message":"Redis reconnecting...","service":"sahara-fuel-api","timestamp":"2026-02-15 23:57:29"}
{"code":"ECONNREFUSED","level":"error","message":"Redis error:","service":"sahara-fuel-api","stack":"AggregateError [ECONNREFUSED]: \n    at internalConnectMultiple (node:net:1134:18)\n    at afterConnectMultiple (node:net:1715:7)","timestamp":"2026-02-15 23:57:29"}
{"level":"warn","message":"Redis reconnecting...","service":"sahara-fuel-api","timestamp":"2026-02-15 23:57:29"}
{"code":"ECONNREFUSED","level":"error","message":"Redis error:","service":"sahara-fuel-api","stack":"AggregateError [ECONNREFUSED]: \n    at internalConnectMultiple (node:net:1134:18)\n    at afterConnectMultiple (node:net:1715:7)","timestamp":"2026-02-15 23:57:29"}
{"level":"warn","message":"Redis reconnecting...","service":"sahara-fuel-api","timestamp":"2026-02-15 23:57:30"}
{"code":"ECONNREFUSED","level":"error","message":"Redis error:","service":"sahara-fuel-api","stack":"AggregateError [ECONNREFUSED]: \n    at internalConnectMultiple (node:net:1134:18)\n    at afterConnectMultiple (node:net:1715:7)","timestamp":"2026-02-15 23:57:30"}
{"level":"warn","message":"Redis reconnecting...","service":"sahara-fuel-api","timestamp":"2026-02-15 23:57:31"}
{"code":"ECONNREFUSED","level":"error","message":"Redis error:","service":"sahara-fuel-api","stack":"AggregateError [ECONNREFUSED]: \n    at internalConnectMultiple (node:net:1134:18)\n    at afterConnectMultiple (node:net:1715:7)","timestamp":"2026-02-15 23:57:31"}
{"level":"warn","message":"Redis reconnecting...","service":"sahara-fuel-api","timestamp":"2026-02-15 23:57:31"}
{"code":"ECONNREFUSED","level":"error","message":"Redis error:","service":"sahara-fuel-api","stack":"AggregateError [ECONNREFUSED]: \n    at internalConnectMultiple (node:net:1134:18)\n    at afterConnectMultiple (node:net:1715:7)","timestamp":"2026-02-15 23:57:31"}
{"level":"warn","message":"Redis reconnecting...","service":"sahara-fuel-api","timestamp":"2026-02-15 23:57:32"}
{"code":"ECONNREFUSED","level":"error","message":"Redis error:","service":"sahara-fuel-api","stack":"AggregateError [ECONNREFUSED]: \n    at internalConnectMultiple (node:net:1134:18)\n    at afterConnectMultiple (node:net:1715:7)","timestamp":"2026-02-15 23:57:32"}
{"level":"warn","message":"Redis reconnecting...","service":"sahara-fuel-api","timestamp":"2026-02-15 23:57:32"}
{"code":"ECONNREFUSED","level":"error","message":"Redis error:","service":"sahara-fuel-api","stack":"AggregateError [ECONNREFUSED]: \n    at internalConnectMultiple (node:net:1134:18)\n    at afterConnectMultiple (node:net:1715:7)","timestamp":"2026-02-15 23:57:32"}
{"level":"warn","message":"Redis reconnecting...","service":"sahara-fuel-api","timestamp":"2026-02-15 23:57:33"}
{"code":"ECONNREFUSED","level":"error","message":"Redis error:","service":"sahara-fuel-api","stack":"AggregateError [ECONNREFUSED]: \n    at internalConnectMultiple (node:net:1134:18)\n    at afterConnectMultiple (node:net:1715:7)","timestamp":"2026-02-15 23:57:33"}
{"level":"warn","message":"Redis reconnecting...","service":"sahara-fuel-api","timestamp":"2026-02-15 23:57:33"}
{"code":"ECONNREFUSED","level":"error","message":"Redis error:","service":"sahara-fuel-api","stack":"AggregateError [ECONNREFUSED]: \n    at internalConnectMultiple (node:net:1134:18)\n    at afterConnectMultiple (node:net:1715:7)","timestamp":"2026-02-15 23:57:33"}
{"level":"warn","message":"Redis reconnecting...","service":"sahara-fuel-api","timestamp":"2026-02-15 23:57:34"}
{"code":"ECONNREFUSED","level":"error","message":"Redis error:","service":"sahara-fuel-api","stack":"AggregateError [ECONNREFUSED]: \n    at internalConnectMultiple (node:net:1134:18)\n    at afterConnectMultiple (node:net:1715:7)","timestamp":"2026-02-15 23:57:34"}
{"level":"warn","message":"Redis reconnecting...","service":"sahara-fuel-api","timestamp":"2026-02-15 23:57:34"}
{"code":"ECONNREFUSED","level":"error","message":"Redis error:","service":"sahara-fuel-api","stack":"AggregateError [ECONNREFUSED]: \n    at internalConnectMultiple (node:net:1134:18)\n    at afterConnectMultiple (node:net:1715:7)","timestamp":"2026-02-15 23:57:34"}
{"level":"warn","message":"Redis reconnecting...","service":"sahara-fuel-api","timestamp":"2026-02-15 23:57:35"}
{"code":"ECONNREFUSED","level":"error","message":"Redis error:","service":"sahara-fuel-api","stack":"AggregateError [ECONNREFUSED]: \n    at internalConnectMultiple (node:net:1134:18)\n    at afterConnectMultiple (node:net:1715:7)","timestamp":"2026-02-15 23:57:35"}
{"level":"warn","message":"Redis reconnecting...","service":"sahara-fuel-api","timestamp":"2026-02-15 23:57:35"}
{"code":"ECONNREFUSED","level":"error","message":"Redis error:","service":"sahara-fuel-api","stack":"AggregateError [ECONNREFUSED]: \n    at internalConnectMultiple (node:net:1134:18)\n    at afterConnectMultiple (node:net:1715:7)","timestamp":"2026-02-15 23:57:35"}
{"level":"warn","message":"Redis reconnecting...","service":"sahara-fuel-api","timestamp":"2026-02-15 23:57:36"}
{"code":"ECONNREFUSED","level":"error","message":"Redis error:","service":"sahara-fuel-api","stack":"AggregateError [ECONNREFUSED]: \n    at internalConnectMultiple (node:net:1134:18)\n    at afterConnectMultiple (node:net:1715:7)","timestamp":"2026-02-15 23:57:36"}
{"level":"warn","message":"Redis reconnecting...","service":"sahara-fuel-api","timestamp":"2026-02-15 23:57:36"}
{"code":"ECONNREFUSED","level":"error","message":"Redis error:","service":"sahara-fuel-api","stack":"AggregateError [ECONNREFUSED]: \n    at internalConnectMultiple (node:net:1134:18)\n    at afterConnectMultiple (node:net:1715:7)","timestamp":"2026-02-15 23:57:36"}
{"level":"warn","message":"Redis reconnecting...","service":"sahara-fuel-api","timestamp":"2026-02-15 23:57:37"}
{"code":"ECONNREFUSED","level":"error","message":"Redis error:","service":"sahara-fuel-api","stack":"AggregateError [ECONNREFUSED]: \n    at internalConnectMultiple (node:net:1134:18)\n    at afterConnectMultiple (node:net:1715:7)","timestamp":"2026-02-15 23:57:37"}
{"level":"warn","message":"Redis reconnecting...","service":"sahara-fuel-api","timestamp":"2026-02-15 23:57:37"}
{"code":"ECONNREFUSED","level":"error","message":"Redis error:","service":"sahara-fuel-api","stack":"AggregateError [ECONNREFUSED]: \n    at internalConnectMultiple (node:net:1134:18)\n    at afterConnectMultiple (node:net:1715:7)","timestamp":"2026-02-15 23:57:37"}
{"level":"warn","message":"Redis reconnecting...","service":"sahara-fuel-api","timestamp":"2026-02-15 23:57:38"}
{"code":"ECONNREFUSED","level":"error","message":"Redis error:","service":"sahara-fuel-api","stack":"AggregateError [ECONNREFUSED]: \n    at internalConnectMultiple (node:net:1134:18)\n    at afterConnectMultiple (node:net:1715:7)","timestamp":"2026-02-15 23:57:38"}
{"level":"warn","message":"Redis reconnecting...","service":"sahara-fuel-api","timestamp":"2026-02-15 23:57:38"}
{"code":"ECONNREFUSED","level":"error","message":"Redis error:","service":"sahara-fuel-api","stack":"AggregateError [ECONNREFUSED]: \n    at internalConnectMultiple (node:net:1134:18)\n    at afterConnectMultiple (node:net:1715:7)","timestamp":"2026-02-15 23:57:38"}
{"level":"warn","message":"Redis reconnecting...","service":"sahara-fuel-api","timestamp":"2026-02-15 23:57:39"}
{"code":"ECONNREFUSED","level":"error","message":"Redis error:","service":"sahara-fuel-api","stack":"AggregateError [ECONNREFUSED]: \n    at internalConnectMultiple (node:net:1134:18)\n    at afterConnectMultiple (node:net:1715:7)","timestamp":"2026-02-15 23:57:39"}
{"level":"warn","message":"Redis reconnecting...","service":"sahara-fuel-api","timestamp":"2026-02-15 23:57:39"}
{"code":"ECONNREFUSED","level":"error","message":"Redis error:","service":"sahara-fuel-api","stack":"AggregateError [ECONNREFUSED]: \n    at internalConnectMultiple (node:net:1134:18)\n    at afterConnectMultiple (node:net:1715:7)","timestamp":"2026-02-15 23:57:39"}
{"level":"warn","message":"Redis reconnecting...","service":"sahara-fuel-api","timestamp":"2026-02-15 23:57:40"}
{"code":"ECONNREFUSED","level":"error","message":"Redis error:","service":"sahara-fuel-api","stack":"AggregateError [ECONNREFUSED]: \n    at internalConnectMultiple (node:net:1134:18)\n    at afterConnectMultiple (node:net:1715:7)","timestamp":"2026-02-15 23:57:40"}
{"level":"warn","message":"Redis reconnecting...","service":"sahara-fuel-api","timestamp":"2026-02-15 23:57:40"}
{"code":"ECONNREFUSED","level":"error","message":"Redis error:","service":"sahara-fuel-api","stack":"AggregateError [ECONNREFUSED]: \n    at internalConnectMultiple (node:net:1134:18)\n    at afterConnectMultiple (node:net:1715:7)","timestamp":"2026-02-15 23:57:40"}
{"level":"warn","message":"Redis reconnecting...","service":"sahara-fuel-api","timestamp":"2026-02-15 23:57:41"}
{"code":"ECONNREFUSED","level":"error","message":"Redis error:","service":"sahara-fuel-api","stack":"AggregateError [ECONNREFUSED]: \n    at internalConnectMultiple (node:net:1134:18)\n    at afterConnectMultiple (node:net:1715:7)","timestamp":"2026-02-15 23:57:41"}
{"level":"warn","message":"Redis reconnecting...","service":"sahara-fuel-api","timestamp":"2026-02-15 23:57:41"}
{"code":"ECONNREFUSED","level":"error","message":"Redis error:","service":"sahara-fuel-api","stack":"AggregateError [ECONNREFUSED]: \n    at internalConnectMultiple (node:net:1134:18)\n    at afterConnectMultiple (node:net:1715:7)","timestamp":"2026-02-15 23:57:41"}
{"level":"warn","message":"Redis reconnecting...","service":"sahara-fuel-api","timestamp":"2026-02-15 23:57:42"}
{"code":"ECONNREFUSED","level":"error","message":"Redis error:","service":"sahara-fuel-api","stack":"AggregateError [ECONNREFUSED]: \n    at internalConnectMultiple (node:net:1134:18)\n    at afterConnectMultiple (node:net:1715:7)","timestamp":"2026-02-15 23:57:42"}
{"level":"warn","message":"Redis reconnecting...","service":"sahara-fuel-api","timestamp":"2026-02-15 23:57:42"}
{"code":"ECONNREFUSED","level":"error","message":"Redis error:","service":"sahara-fuel-api","stack":"AggregateError [ECONNREFUSED]: \n    at internalConnectMultiple (node:net:1134:18)\n    at afterConnectMultiple (node:net:1715:7)","timestamp":"2026-02-15 23:57:42"}
{"level":"warn","message":"Redis reconnecting...","service":"sahara-fuel-api","timestamp":"2026-02-15 23:57:43"}
{"code":"ECONNREFUSED","level":"error","message":"Redis error:","service":"sahara-fuel-api","stack":"AggregateError [ECONNREFUSED]: \n    at internalConnectMultiple (node:net:1134:18)\n    at afterConnectMultiple (node:net:1715:7)","timestamp":"2026-02-15 23:57:43"}
{"level":"warn","message":"Redis reconnecting...","service":"sahara-fuel-api","timestamp":"2026-02-15 23:57:43"}
{"code":"ECONNREFUSED","level":"error","message":"Redis error:","service":"sahara-fuel-api","stack":"AggregateError [ECONNREFUSED]: \n    at internalConnectMultiple (node:net:1134:18)\n    at afterConnectMultiple (node:net:1715:7)","timestamp":"2026-02-15 23:57:43"}
{"level":"warn","message":"Redis reconnecting...","service":"sahara-fuel-api","timestamp":"2026-02-15 23:57:44"}
{"code":"ECONNREFUSED","level":"error","message":"Redis error:","service":"sahara-fuel-api","stack":"AggregateError [ECONNREFUSED]: \n    at internalConnectMultiple (node:net:1134:18)\n    at afterConnectMultiple (node:net:1715:7)","timestamp":"2026-02-15 23:57:44"}
{"level":"warn","message":"Redis reconnecting...","service":"sahara-fuel-api","timestamp":"2026-02-15 23:57:44"}
{"code":"ECONNREFUSED","level":"error","message":"Redis error:","service":"sahara-fuel-api","stack":"AggregateError [ECONNREFUSED]: \n    at internalConnectMultiple (node:net:1134:18)\n    at afterConnectMultiple (node:net:1715:7)","timestamp":"2026-02-15 23:57:44"}
{"level":"warn","message":"Redis reconnecting...","service":"sahara-fuel-api","timestamp":"2026-02-15 23:57:45"}
{"code":"ECONNREFUSED","level":"error","message":"Redis error:","service":"sahara-fuel-api","stack":"AggregateError [ECONNREFUSED]: \n    at internalConnectMultiple (node:net:1134:18)\n    at afterConnectMultiple (node:net:1715:7)","timestamp":"2026-02-15 23:57:45"}
{"level":"warn","message":"Redis reconnecting...","service":"sahara-fuel-api","timestamp":"2026-02-15 23:57:45"}
{"code":"ECONNREFUSED","level":"error","message":"Redis error:","service":"sahara-fuel-api","stack":"AggregateError [ECONNREFUSED]: \n    at internalConnectMultiple (node:net:1134:18)\n    at afterConnectMultiple (node:net:1715:7)","timestamp":"2026-02-15 23:57:45"}
{"level":"warn","message":"Redis reconnecting...","service":"sahara-fuel-api","timestamp":"2026-02-15 23:57:46"}
{"code":"ECONNREFUSED","level":"error","message":"Redis error:","service":"sahara-fuel-api","stack":"AggregateError [ECONNREFUSED]: \n    at internalConnectMultiple (node:net:1134:18)\n    at afterConnectMultiple (node:net:1715:7)","timestamp":"2026-02-15 23:57:46"}
{"level":"warn","message":"Redis reconnecting...","service":"sahara-fuel-api","timestamp":"2026-02-15 23:57:46"}
{"code":"ECONNREFUSED","level":"error","message":"Redis error:","service":"sahara-fuel-api","stack":"AggregateError [ECONNREFUSED]: \n    at internalConnectMultiple (node:net:1134:18)\n    at afterConnectMultiple (node:net:1715:7)","timestamp":"2026-02-15 23:57:46"}
{"level":"warn","message":"Redis reconnecting...","service":"sahara-fuel-api","timestamp":"2026-02-15 23:57:47"}
{"code":"ECONNREFUSED","level":"error","message":"Redis error:","service":"sahara-fuel-api","stack":"AggregateError [ECONNREFUSED]: \n    at internalConnectMultiple (node:net:1134:18)\n    at afterConnectMultiple (node:net:1715:7)","timestamp":"2026-02-15 23:57:47"}
{"level":"warn","message":"Redis reconnecting...","service":"sahara-fuel-api","timestamp":"2026-02-15 23:57:48"}
{"code":"ECONNREFUSED","level":"error","message":"Redis error:","service":"sahara-fuel-api","stack":"AggregateError [ECONNREFUSED]: \n    at internalConnectMultiple (node:net:1134:18)\n    at afterConnectMultiple (node:net:1715:7)","timestamp":"2026-02-15 23:57:48"}
{"level":"warn","message":"Redis reconnecting...","service":"sahara-fuel-api","timestamp":"2026-02-15 23:57:48"}
{"code":"ECONNREFUSED","level":"error","message":"Redis error:","service":"sahara-fuel-api","stack":"AggregateError [ECONNREFUSED]: \n    at internalConnectMultiple (node:net:1134:18)\n    at afterConnectMultiple (node:net:1715:7)","timestamp":"2026-02-15 23:57:48"}
{"level":"warn","message":"Redis reconnecting...","service":"sahara-fuel-api","timestamp":"2026-02-15 23:57:49"}
{"code":"ECONNREFUSED","level":"error","message":"Redis error:","service":"sahara-fuel-api","stack":"AggregateError [ECONNREFUSED]: \n    at internalConnectMultiple (node:net:1134:18)\n    at afterConnectMultiple (node:net:1715:7)","timestamp":"2026-02-15 23:57:49"}
{"level":"warn","message":"Redis reconnecting...","service":"sahara-fuel-api","timestamp":"2026-02-15 23:57:49"}
{"code":"ECONNREFUSED","level":"error","message":"Redis error:","service":"sahara-fuel-api","stack":"AggregateError [ECONNREFUSED]: \n    at internalConnectMultiple (node:net:1134:18)\n    at afterConnectMultiple (node:net:1715:7)","timestamp":"2026-02-15 23:57:49"}
{"level":"warn","message":"Redis reconnecting...","service":"sahara-fuel-api","timestamp":"2026-02-15 23:57:50"}
{"code":"ECONNREFUSED","level":"error","message":"Redis error:","service":"sahara-fuel-api","stack":"AggregateError [ECONNREFUSED]: \n    at internalConnectMultiple (node:net:1134:18)\n    at afterConnectMultiple (node:net:1715:7)","timestamp":"2026-02-15 23:57:50"}
{"level":"warn","message":"Redis reconnecting...","service":"sahara-fuel-api","timestamp":"2026-02-15 23:57:50"}
{"code":"ECONNREFUSED","level":"error","message":"Redis error:","service":"sahara-fuel-api","stack":"AggregateError [ECONNREFUSED]: \n    at internalConnectMultiple (node:net:1134:18)\n    at afterConnectMultiple (node:net:1715:7)","timestamp":"2026-02-15 23:57:50"}
{"level":"warn","message":"Redis reconnecting...","service":"sahara-fuel-api","timestamp":"2026-02-15 23:57:51"}
{"code":"ECONNREFUSED","level":"error","message":"Redis error:","service":"sahara-fuel-api","stack":"AggregateError [ECONNREFUSED]: \n    at internalConnectMultiple (node:net:1134:18)\n    at afterConnectMultiple (node:net:1715:7)","timestamp":"2026-02-15 23:57:51"}
{"level":"warn","message":"Redis reconnecting...","service":"sahara-fuel-api","timestamp":"2026-02-15 23:57:51"}
{"code":"ECONNREFUSED","level":"error","message":"Redis error:","service":"sahara-fuel-api","stack":"AggregateError [ECONNREFUSED]: \n    at internalConnectMultiple (node:net:1134:18)\n    at afterConnectMultiple (node:net:1715:7)","timestamp":"2026-02-15 23:57:51"}
{"level":"warn","message":"Redis reconnecting...","service":"sahara-fuel-api","timestamp":"2026-02-15 23:57:52"}
{"code":"ECONNREFUSED","level":"error","message":"Redis error:","service":"sahara-fuel-api","stack":"AggregateError [ECONNREFUSED]: \n    at internalConnectMultiple (node:net:1134:18)\n    at afterConnectMultiple (node:net:1715:7)","timestamp":"2026-02-15 23:57:52"}
{"level":"warn","message":"Redis reconnecting...","service":"sahara-fuel-api","timestamp":"2026-02-15 23:57:52"}
{"code":"ECONNREFUSED","level":"error","message":"Redis error:","service":"sahara-fuel-api","stack":"AggregateError [ECONNREFUSED]: \n    at internalConnectMultiple (node:net:1134:18)\n    at afterConnectMultiple (node:net:1715:7)","timestamp":"2026-02-15 23:57:52"}
{"level":"warn","message":"Redis reconnecting...","service":"sahara-fuel-api","timestamp":"2026-02-15 23:57:53"}
{"code":"ECONNREFUSED","level":"error","message":"Redis error:","service":"sahara-fuel-api","stack":"AggregateError [ECONNREFUSED]: \n    at internalConnectMultiple (node:net:1134:18)\n    at afterConnectMultiple (node:net:1715:7)","timestamp":"2026-02-15 23:57:53"}
{"level":"warn","message":"Redis reconnecting...","service":"sahara-fuel-api","timestamp":"2026-02-15 23:57:53"}
{"code":"ECONNREFUSED","level":"error","message":"Redis error:","service":"sahara-fuel-api","stack":"AggregateError [ECONNREFUSED]: \n    at internalConnectMultiple (node:net:1134:18)\n    at afterConnectMultiple (node:net:1715:7)","timestamp":"2026-02-15 23:57:53"}
{"level":"warn","message":"Redis reconnecting...","service":"sahara-fuel-api","timestamp":"2026-02-15 23:57:54"}
{"code":"ECONNREFUSED","level":"error","message":"Redis error:","service":"sahara-fuel-api","stack":"AggregateError [ECONNREFUSED]: \n    at internalConnectMultiple (node:net:1134:18)\n    at afterConnectMultiple (node:net:1715:7)","timestamp":"2026-02-15 23:57:54"}
{"level":"warn","message":"Redis reconnecting...","service":"sahara-fuel-api","timestamp":"2026-02-15 23:57:54"}
{"code":"ECONNREFUSED","level":"error","message":"Redis error:","service":"sahara-fuel-api","stack":"AggregateError [ECONNREFUSED]: \n    at internalConnectMultiple (node:net:1134:18)\n    at afterConnectMultiple (node:net:1715:7)","timestamp":"2026-02-15 23:57:54"}
{"level":"warn","message":"Redis reconnecting...","service":"sahara-fuel-api","timestamp":"2026-02-15 23:57:55"}
{"code":"ECONNREFUSED","level":"error","message":"Redis error:","service":"sahara-fuel-api","stack":"AggregateError [ECONNREFUSED]: \n    at internalConnectMultiple (node:net:1134:18)\n    at afterConnectMultiple (node:net:1715:7)","timestamp":"2026-02-15 23:57:55"}
{"level":"warn","message":"Redis reconnecting...","service":"sahara-fuel-api","timestamp":"2026-02-15 23:57:55"}
{"code":"ECONNREFUSED","level":"error","message":"Redis error:","service":"sahara-fuel-api","stack":"AggregateError [ECONNREFUSED]: \n    at internalConnectMultiple (node:net:1134:18)\n    at afterConnectMultiple (node:net:1715:7)","timestamp":"2026-02-15 23:57:55"}
{"level":"warn","message":"Redis reconnecting...","service":"sahara-fuel-api","timestamp":"2026-02-15 23:57:56"}
{"code":"ECONNREFUSED","level":"error","message":"Redis error:","service":"sahara-fuel-api","stack":"AggregateError [ECONNREFUSED]: \n    at internalConnectMultiple (node:net:1134:18)\n    at afterConnectMultiple (node:net:1715:7)","timestamp":"2026-02-15 23:57:56"}
{"level":"warn","message":"Redis reconnecting...","service":"sahara-fuel-api","timestamp":"2026-02-15 23:57:56"}
{"code":"ECONNREFUSED","level":"error","message":"Redis error:","service":"sahara-fuel-api","stack":"AggregateError [ECONNREFUSED]: \n    at internalConnectMultiple (node:net:1134:18)\n    at afterConnectMultiple (node:net:1715:7)","timestamp":"2026-02-15 23:57:56"}
{"level":"warn","message":"Redis reconnecting...","service":"sahara-fuel-api","timestamp":"2026-02-15 23:57:57"}
{"code":"ECONNREFUSED","level":"error","message":"Redis error:","service":"sahara-fuel-api","stack":"AggregateError [ECONNREFUSED]: \n    at internalConnectMultiple (node:net:1134:18)\n    at afterConnectMultiple (node:net:1715:7)","timestamp":"2026-02-15 23:57:57"}
{"level":"warn","message":"Redis reconnecting...","service":"sahara-fuel-api","timestamp":"2026-02-15 23:57:57"}
{"code":"ECONNREFUSED","level":"error","message":"Redis error:","service":"sahara-fuel-api","stack":"AggregateError [ECONNREFUSED]: \n    at internalConnectMultiple (node:net:1134:18)\n    at afterConnectMultiple (node:net:1715:7)","timestamp":"2026-02-15 23:57:57"}
{"level":"warn","message":"Redis reconnecting...","service":"sahara-fuel-api","timestamp":"2026-02-15 23:57:58"}
{"code":"ECONNREFUSED","level":"error","message":"Redis error:","service":"sahara-fuel-api","stack":"AggregateError [ECONNREFUSED]: \n    at internalConnectMultiple (node:net:1134:18)\n    at afterConnectMultiple (node:net:1715:7)","timestamp":"2026-02-15 23:57:58"}
{"level":"warn","message":"Redis reconnecting...","service":"sahara-fuel-api","timestamp":"2026-02-15 23:57:58"}
{"code":"ECONNREFUSED","level":"error","message":"Redis error:","service":"sahara-fuel-api","stack":"AggregateError [ECONNREFUSED]: \n    at internalConnectMultiple (node:net:1134:18)\n    at afterConnectMultiple (node:net:1715:7)","timestamp":"2026-02-15 23:57:58"}
{"level":"warn","message":"Redis reconnecting...","service":"sahara-fuel-api","timestamp":"2026-02-15 23:57:59"}
{"code":"ECONNREFUSED","level":"error","message":"Redis error:","service":"sahara-fuel-api","stack":"AggregateError [ECONNREFUSED]: \n    at internalConnectMultiple (node:net:1134:18)\n    at afterConnectMultiple (node:net:1715:7)","timestamp":"2026-02-15 23:57:59"}
{"level":"warn","message":"Redis reconnecting...","service":"sahara-fuel-api","timestamp":"2026-02-15 23:57:59"}
{"code":"ECONNREFUSED","level":"error","message":"Redis error:","service":"sahara-fuel-api","stack":"AggregateError [ECONNREFUSED]: \n    at internalConnectMultiple (node:net:1134:18)\n    at afterConnectMultiple (node:net:1715:7)","timestamp":"2026-02-15 23:57:59"}
{"level":"warn","message":"Redis reconnecting...","service":"sahara-fuel-api","timestamp":"2026-02-15 23:58:00"}
{"code":"ECONNREFUSED","level":"error","message":"Redis error:","service":"sahara-fuel-api","stack":"AggregateError [ECONNREFUSED]: \n    at internalConnectMultiple (node:net:1134:18)\n    at afterConnectMultiple (node:net:1715:7)","timestamp":"2026-02-15 23:58:00"}
{"level":"warn","message":"Redis reconnecting...","service":"sahara-fuel-api","timestamp":"2026-02-15 23:58:00"}
{"code":"ECONNREFUSED","level":"error","message":"Redis error:","service":"sahara-fuel-api","stack":"AggregateError [ECONNREFUSED]: \n    at internalConnectMultiple (node:net:1134:18)\n    at afterConnectMultiple (node:net:1715:7)","timestamp":"2026-02-15 23:58:00"}
{"level":"warn","message":"Redis reconnecting...","service":"sahara-fuel-api","timestamp":"2026-02-15 23:58:01"}
{"code":"ECONNREFUSED","level":"error","message":"Redis error:","service":"sahara-fuel-api","stack":"AggregateError [ECONNREFUSED]: \n    at internalConnectMultiple (node:net:1134:18)\n    at afterConnectMultiple (node:net:1715:7)","timestamp":"2026-02-15 23:58:01"}
{"level":"warn","message":"Redis reconnecting...","service":"sahara-fuel-api","timestamp":"2026-02-15 23:58:01"}
{"code":"ECONNREFUSED","level":"error","message":"Redis error:","service":"sahara-fuel-api","stack":"AggregateError [ECONNREFUSED]: \n    at internalConnectMultiple (node:net:1134:18)\n    at afterConnectMultiple (node:net:1715:7)","timestamp":"2026-02-15 23:58:01"}
{"level":"warn","message":"Redis reconnecting...","service":"sahara-fuel-api","timestamp":"2026-02-15 23:58:02"}
{"code":"ECONNREFUSED","level":"error","message":"Redis error:","service":"sahara-fuel-api","stack":"AggregateError [ECONNREFUSED]: \n    at internalConnectMultiple (node:net:1134:18)\n    at afterConnectMultiple (node:net:1715:7)","timestamp":"2026-02-15 23:58:02"}
{"level":"warn","message":"Redis reconnecting...","service":"sahara-fuel-api","timestamp":"2026-02-15 23:58:02"}
{"code":"ECONNREFUSED","level":"error","message":"Redis error:","service":"sahara-fuel-api","stack":"AggregateError [ECONNREFUSED]: \n    at internalConnectMultiple (node:net:1134:18)\n    at afterConnectMultiple (node:net:1715:7)","timestamp":"2026-02-15 23:58:02"}
{"level":"warn","message":"Redis reconnecting...","service":"sahara-fuel-api","timestamp":"2026-02-15 23:58:03"}
{"code":"ECONNREFUSED","level":"error","message":"Redis error:","service":"sahara-fuel-api","stack":"AggregateError [ECONNREFUSED]: \n    at internalConnectMultiple (node:net:1134:18)\n    at afterConnectMultiple (node:net:1715:7)","timestamp":"2026-02-15 23:58:03"}
{"level":"warn","message":"Redis reconnecting...","service":"sahara-fuel-api","timestamp":"2026-02-15 23:58:03"}
{"code":"ECONNREFUSED","level":"error","message":"Redis error:","service":"sahara-fuel-api","stack":"AggregateError [ECONNREFUSED]: \n    at internalConnectMultiple (node:net:1134:18)\n    at afterConnectMultiple (node:net:1715:7)","timestamp":"2026-02-15 23:58:03"}
{"level":"warn","message":"Redis reconnecting...","service":"sahara-fuel-api","timestamp":"2026-02-15 23:58:04"}
{"code":"ECONNREFUSED","level":"error","message":"Redis error:","service":"sahara-fuel-api","stack":"AggregateError [ECONNREFUSED]: \n    at internalConnectMultiple (node:net:1134:18)\n    at afterConnectMultiple (node:net:1715:7)","timestamp":"2026-02-15 23:58:04"}
{"level":"warn","message":"Redis reconnecting...","service":"sahara-fuel-api","timestamp":"2026-02-15 23:58:05"}
{"code":"ECONNREFUSED","level":"error","message":"Redis error:","service":"sahara-fuel-api","stack":"AggregateError [ECONNREFUSED]: \n    at internalConnectMultiple (node:net:1134:18)\n    at afterConnectMultiple (node:net:1715:7)","timestamp":"2026-02-15 23:58:05"}
{"level":"warn","message":"Redis reconnecting...","service":"sahara-fuel-api","timestamp":"2026-02-15 23:58:05"}
{"code":"ECONNREFUSED","level":"error","message":"Redis error:","service":"sahara-fuel-api","stack":"AggregateError [ECONNREFUSED]: \n    at internalConnectMultiple (node:net:1134:18)\n    at afterConnectMultiple (node:net:1715:7)","timestamp":"2026-02-15 23:58:05"}
{"level":"warn","message":"Redis reconnecting...","service":"sahara-fuel-api","timestamp":"2026-02-15 23:58:06"}
{"code":"ECONNREFUSED","level":"error","message":"Redis error:","service":"sahara-fuel-api","stack":"AggregateError [ECONNREFUSED]: \n    at internalConnectMultiple (node:net:1134:18)\n    at afterConnectMultiple (node:net:1715:7)","timestamp":"2026-02-15 23:58:06"}
{"level":"warn","message":"Redis reconnecting...","service":"sahara-fuel-api","timestamp":"2026-02-15 23:58:06"}
{"code":"ECONNREFUSED","level":"error","message":"Redis error:","service":"sahara-fuel-api","stack":"AggregateError [ECONNREFUSED]: \n    at internalConnectMultiple (node:net:1134:18)\n    at afterConnectMultiple (node:net:1715:7)","timestamp":"2026-02-15 23:58:06"}
{"level":"warn","message":"Redis reconnecting...","service":"sahara-fuel-api","timestamp":"2026-02-15 23:58:07"}
{"code":"ECONNREFUSED","level":"error","message":"Redis error:","service":"sahara-fuel-api","stack":"AggregateError [ECONNREFUSED]: \n    at internalConnectMultiple (node:net:1134:18)\n    at afterConnectMultiple (node:net:1715:7)","timestamp":"2026-02-15 23:58:07"}
{"level":"warn","message":"Redis reconnecting...","service":"sahara-fuel-api","timestamp":"2026-02-15 23:58:07"}
{"code":"ECONNREFUSED","level":"error","message":"Redis error:","service":"sahara-fuel-api","stack":"AggregateError [ECONNREFUSED]: \n    at internalConnectMultiple (node:net:1134:18)\n    at afterConnectMultiple (node:net:1715:7)","timestamp":"2026-02-15 23:58:07"}
{"level":"warn","message":"Redis reconnecting...","service":"sahara-fuel-api","timestamp":"2026-02-15 23:58:08"}
{"code":"ECONNREFUSED","level":"error","message":"Redis error:","service":"sahara-fuel-api","stack":"AggregateError [ECONNREFUSED]: \n    at internalConnectMultiple (node:net:1134:18)\n    at afterConnectMultiple (node:net:1715:7)","timestamp":"2026-02-15 23:58:08"}
{"level":"warn","message":"Redis reconnecting...","service":"sahara-fuel-api","timestamp":"2026-02-15 23:58:08"}
{"code":"ECONNREFUSED","level":"error","message":"Redis error:","service":"sahara-fuel-api","stack":"AggregateError [ECONNREFUSED]: \n    at internalConnectMultiple (node:net:1134:18)\n    at afterConnectMultiple (node:net:1715:7)","timestamp":"2026-02-15 23:58:08"}
{"level":"warn","message":"Redis reconnecting...","service":"sahara-fuel-api","timestamp":"2026-02-15 23:58:09"}
{"code":"ECONNREFUSED","level":"error","message":"Redis error:","service":"sahara-fuel-api","stack":"AggregateError [ECONNREFUSED]: \n    at internalConnectMultiple (node:net:1134:18)\n    at afterConnectMultiple (node:net:1715:7)","timestamp":"2026-02-15 23:58:09"}
{"level":"warn","message":"Redis reconnecting...","service":"sahara-fuel-api","timestamp":"2026-02-15 23:58:09"}
{"code":"ECONNREFUSED","level":"error","message":"Redis error:","service":"sahara-fuel-api","stack":"AggregateError [ECONNREFUSED]: \n    at internalConnectMultiple (node:net:1134:18)\n    at afterConnectMultiple (node:net:1715:7)","timestamp":"2026-02-15 23:58:09"}
{"level":"warn","message":"Redis reconnecting...","service":"sahara-fuel-api","timestamp":"2026-02-15 23:58:10"}
{"code":"ECONNREFUSED","level":"error","message":"Redis error:","service":"sahara-fuel-api","stack":"AggregateError [ECONNREFUSED]: \n    at internalConnectMultiple (node:net:1134:18)\n    at afterConnectMultiple (node:net:1715:7)","timestamp":"2026-02-15 23:58:10"}
{"level":"warn","message":"Redis reconnecting...","service":"sahara-fuel-api","timestamp":"2026-02-15 23:58:10"}
{"code":"ECONNREFUSED","level":"error","message":"Redis error:","service":"sahara-fuel-api","stack":"AggregateError [ECONNREFUSED]: \n    at internalConnectMultiple (node:net:1134:18)\n    at afterConnectMultiple (node:net:1715:7)","timestamp":"2026-02-15 23:58:10"}
{"level":"warn","message":"Redis reconnecting...","service":"sahara-fuel-api","timestamp":"2026-02-15 23:58:11"}
{"code":"ECONNREFUSED","level":"error","message":"Redis error:","service":"sahara-fuel-api","stack":"AggregateError [ECONNREFUSED]: \n    at internalConnectMultiple (node:net:1134:18)\n    at afterConnectMultiple (node:net:1715:7)","timestamp":"2026-02-15 23:58:11"}
{"level":"warn","message":"Redis reconnecting...","service":"sahara-fuel-api","timestamp":"2026-02-15 23:58:11"}
{"code":"ECONNREFUSED","level":"error","message":"Redis error:","service":"sahara-fuel-api","stack":"AggregateError [ECONNREFUSED]: \n    at internalConnectMultiple (node:net:1134:18)\n    at afterConnectMultiple (node:net:1715:7)","timestamp":"2026-02-15 23:58:11"}
{"level":"warn","message":"Redis reconnecting...","service":"sahara-fuel-api","timestamp":"2026-02-15 23:58:12"}
{"code":"ECONNREFUSED","level":"error","message":"Redis error:","service":"sahara-fuel-api","stack":"AggregateError [ECONNREFUSED]: \n    at internalConnectMultiple (node:net:1134:18)\n    at afterConnectMultiple (node:net:1715:7)","timestamp":"2026-02-15 23:58:12"}
{"level":"warn","message":"Redis reconnecting...","service":"sahara-fuel-api","timestamp":"2026-02-15 23:58:12"}
{"code":"ECONNREFUSED","level":"error","message":"Redis error:","service":"sahara-fuel-api","stack":"AggregateError [ECONNREFUSED]: \n    at internalConnectMultiple (node:net:1134:18)\n    at afterConnectMultiple (node:net:1715:7)","timestamp":"2026-02-15 23:58:12"}
{"level":"warn","message":"Redis reconnecting...","service":"sahara-fuel-api","timestamp":"2026-02-15 23:58:13"}
{"code":"ECONNREFUSED","level":"error","message":"Redis error:","service":"sahara-fuel-api","stack":"AggregateError [ECONNREFUSED]: \n    at internalConnectMultiple (node:net:1134:18)\n    at afterConnectMultiple (node:net:1715:7)","timestamp":"2026-02-15 23:58:13"}
{"level":"warn","message":"Redis reconnecting...","service":"sahara-fuel-api","timestamp":"2026-02-15 23:58:13"}
{"code":"ECONNREFUSED","level":"error","message":"Redis error:","service":"sahara-fuel-api","stack":"AggregateError [ECONNREFUSED]: \n    at internalConnectMultiple (node:net:1134:18)\n    at afterConnectMultiple (node:net:1715:7)","timestamp":"2026-02-15 23:58:13"}
{"level":"warn","message":"Redis reconnecting...","service":"sahara-fuel-api","timestamp":"2026-02-15 23:58:14"}
{"code":"ECONNREFUSED","level":"error","message":"Redis error:","service":"sahara-fuel-api","stack":"AggregateError [ECONNREFUSED]: \n    at internalConnectMultiple (node:net:1134:18)\n    at afterConnectMultiple (node:net:1715:7)","timestamp":"2026-02-15 23:58:14"}
{"level":"warn","message":"Redis reconnecting...","service":"sahara-fuel-api","timestamp":"2026-02-15 23:58:14"}
{"code":"ECONNREFUSED","level":"error","message":"Redis error:","service":"sahara-fuel-api","stack":"AggregateError [ECONNREFUSED]: \n    at internalConnectMultiple (node:net:1134:18)\n    at afterConnectMultiple (node:net:1715:7)","timestamp":"2026-02-15 23:58:14"}
{"level":"warn","message":"Redis reconnecting...","service":"sahara-fuel-api","timestamp":"2026-02-15 23:58:15"}
{"code":"ECONNREFUSED","level":"error","message":"Redis error:","service":"sahara-fuel-api","stack":"AggregateError [ECONNREFUSED]: \n    at internalConnectMultiple (node:net:1134:18)\n    at afterConnectMultiple (node:net:1715:7)","timestamp":"2026-02-15 23:58:15"}
{"level":"warn","message":"Redis reconnecting...","service":"sahara-fuel-api","timestamp":"2026-02-15 23:58:15"}
{"code":"ECONNREFUSED","level":"error","message":"Redis error:","service":"sahara-fuel-api","stack":"AggregateError [ECONNREFUSED]: \n    at internalConnectMultiple (node:net:1134:18)\n    at afterConnectMultiple (node:net:1715:7)","timestamp":"2026-02-15 23:58:15"}
{"level":"warn","message":"Redis reconnecting...","service":"sahara-fuel-api","timestamp":"2026-02-15 23:58:16"}
{"code":"ECONNREFUSED","level":"error","message":"Redis error:","service":"sahara-fuel-api","stack":"AggregateError [ECONNREFUSED]: \n    at internalConnectMultiple (node:net:1134:18)\n    at afterConnectMultiple (node:net:1715:7)","timestamp":"2026-02-15 23:58:16"}
{"level":"warn","message":"Redis reconnecting...","service":"sahara-fuel-api","timestamp":"2026-02-15 23:58:16"}
{"code":"ECONNREFUSED","level":"error","message":"Redis error:","service":"sahara-fuel-api","stack":"AggregateError [ECONNREFUSED]: \n    at internalConnectMultiple (node:net:1134:18)\n    at afterConnectMultiple (node:net:1715:7)","timestamp":"2026-02-15 23:58:16"}
{"level":"warn","message":"Redis reconnecting...","service":"sahara-fuel-api","timestamp":"2026-02-15 23:58:17"}
{"code":"ECONNREFUSED","level":"error","message":"Redis error:","service":"sahara-fuel-api","stack":"AggregateError [ECONNREFUSED]: \n    at internalConnectMultiple (node:net:1134:18)\n    at afterConnectMultiple (node:net:1715:7)","timestamp":"2026-02-15 23:58:17"}
{"level":"warn","message":"Redis reconnecting...","service":"sahara-fuel-api","timestamp":"2026-02-15 23:58:17"}
{"code":"ECONNREFUSED","level":"error","message":"Redis error:","service":"sahara-fuel-api","stack":"AggregateError [ECONNREFUSED]: \n    at internalConnectMultiple (node:net:1134:18)\n    at afterConnectMultiple (node:net:1715:7)","timestamp":"2026-02-15 23:58:17"}
{"level":"warn","message":"Redis reconnecting...","service":"sahara-fuel-api","timestamp":"2026-02-15 23:58:18"}
{"code":"ECONNREFUSED","level":"error","message":"Redis error:","service":"sahara-fuel-api","stack":"AggregateError [ECONNREFUSED]: \n    at internalConnectMultiple (node:net:1134:18)\n    at afterConnectMultiple (node:net:1715:7)","timestamp":"2026-02-15 23:58:18"}
{"level":"warn","message":"Redis reconnecting...","service":"sahara-fuel-api","timestamp":"2026-02-15 23:58:18"}
{"code":"ECONNREFUSED","level":"error","message":"Redis error:","service":"sahara-fuel-api","stack":"AggregateError [ECONNREFUSED]: \n    at internalConnectMultiple (node:net:1134:18)\n    at afterConnectMultiple (node:net:1715:7)","timestamp":"2026-02-15 23:58:18"}
{"level":"warn","message":"Redis reconnecting...","service":"sahara-fuel-api","timestamp":"2026-02-15 23:58:19"}
{"code":"ECONNREFUSED","level":"error","message":"Redis error:","service":"sahara-fuel-api","stack":"AggregateError [ECONNREFUSED]: \n    at internalConnectMultiple (node:net:1134:18)\n    at afterConnectMultiple (node:net:1715:7)","timestamp":"2026-02-15 23:58:19"}
{"level":"warn","message":"Redis reconnecting...","service":"sahara-fuel-api","timestamp":"2026-02-15 23:58:19"}
{"code":"ECONNREFUSED","level":"error","message":"Redis error:","service":"sahara-fuel-api","stack":"AggregateError [ECONNREFUSED]: \n    at internalConnectMultiple (node:net:1134:18)\n    at afterConnectMultiple (node:net:1715:7)","timestamp":"2026-02-15 23:58:19"}
{"level":"info","message":"PostgreSQL connected at Mon Feb 16 2026 07:25:59 GMT+0300 (Arabian Standard Time)","service":"sahara-fuel-api","timestamp":"2026-02-16 07:25:59"}
{"level":"info","message":"✅ PostgreSQL متصل","service":"sahara-fuel-api","timestamp":"2026-02-16 07:25:59"}
{"code":"ECONNREFUSED","level":"error","message":"Redis error:","service":"sahara-fuel-api","stack":"AggregateError [ECONNREFUSED]: \n    at internalConnectMultiple (node:net:1134:18)\n    at afterConnectMultiple (node:net:1715:7)","timestamp":"2026-02-16 07:25:59"}
{"level":"warn","message":"Redis reconnecting...","service":"sahara-fuel-api","timestamp":"2026-02-16 07:25:59"}
{"code":"ECONNREFUSED","level":"error","message":"Redis error:","service":"sahara-fuel-api","stack":"AggregateError [ECONNREFUSED]: \n    at internalConnectMultiple (node:net:1134:18)\n    at afterConnectMultiple (node:net:1715:7)","timestamp":"2026-02-16 07:25:59"}
{"level":"warn","message":"Redis reconnecting...","service":"sahara-fuel-api","timestamp":"2026-02-16 07:25:59"}
{"code":"ECONNREFUSED","level":"error","message":"Redis error:","service":"sahara-fuel-api","stack":"AggregateError [ECONNREFUSED]: \n    at internalConnectMultiple (node:net:1134:18)\n    at afterConnectMultiple (node:net:1715:7)","timestamp":"2026-02-16 07:25:59"}
{"level":"warn","message":"Redis reconnecting...","service":"sahara-fuel-api","timestamp":"2026-02-16 07:25:59"}
{"code":"ECONNREFUSED","level":"error","message":"Redis error:","service":"sahara-fuel-api","stack":"AggregateError [ECONNREFUSED]: \n    at internalConnectMultiple (node:net:1134:18)\n    at afterConnectMultiple (node:net:1715:7)","timestamp":"2026-02-16 07:25:59"}
{"level":"warn","message":"Redis reconnecting...","service":"sahara-fuel-api","timestamp":"2026-02-16 07:26:00"}
{"code":"ECONNREFUSED","level":"error","message":"Redis error:","service":"sahara-fuel-api","stack":"AggregateError [ECONNREFUSED]: \n    at internalConnectMultiple (node:net:1134:18)\n    at afterConnectMultiple (node:net:1715:7)","timestamp":"2026-02-16 07:26:00"}
{"level":"warn","message":"Redis reconnecting...","service":"sahara-fuel-api","timestamp":"2026-02-16 07:26:00"}
{"code":"ECONNREFUSED","level":"error","message":"Redis error:","service":"sahara-fuel-api","stack":"AggregateError [ECONNREFUSED]: \n    at internalConnectMultiple (node:net:1134:18)\n    at afterConnectMultiple (node:net:1715:7)","timestamp":"2026-02-16 07:26:00"}
{"level":"warn","message":"Redis reconnecting...","service":"sahara-fuel-api","timestamp":"2026-02-16 07:26:00"}
{"code":"ECONNREFUSED","level":"error","message":"Redis error:","service":"sahara-fuel-api","stack":"AggregateError [ECONNREFUSED]: \n    at internalConnectMultiple (node:net:1134:18)\n    at afterConnectMultiple (node:net:1715:7)","timestamp":"2026-02-16 07:26:00"}
{"level":"warn","message":"Redis reconnecting...","service":"sahara-fuel-api","timestamp":"2026-02-16 07:26:00"}
{"code":"ECONNREFUSED","level":"error","message":"Redis error:","service":"sahara-fuel-api","stack":"AggregateError [ECONNREFUSED]: \n    at internalConnectMultiple (node:net:1134:18)\n    at afterConnectMultiple (node:net:1715:7)","timestamp":"2026-02-16 07:26:00"}
{"level":"warn","message":"Redis reconnecting...","service":"sahara-fuel-api","timestamp":"2026-02-16 07:26:01"}
{"code":"ECONNREFUSED","level":"error","message":"Redis error:","service":"sahara-fuel-api","stack":"AggregateError [ECONNREFUSED]: \n    at internalConnectMultiple (node:net:1134:18)\n    at afterConnectMultiple (node:net:1715:7)","timestamp":"2026-02-16 07:26:01"}
{"level":"warn","message":"Redis reconnecting...","service":"sahara-fuel-api","timestamp":"2026-02-16 07:26:01"}
{"code":"ECONNREFUSED","level":"error","message":"Redis error:","service":"sahara-fuel-api","stack":"AggregateError [ECONNREFUSED]: \n    at internalConnectMultiple (node:net:1134:18)\n    at afterConnectMultiple (node:net:1715:7)","timestamp":"2026-02-16 07:26:01"}
{"level":"warn","message":"Redis reconnecting...","service":"sahara-fuel-api","timestamp":"2026-02-16 07:26:02"}
{"code":"ECONNREFUSED","level":"error","message":"Redis error:","service":"sahara-fuel-api","stack":"AggregateError [ECONNREFUSED]: \n    at internalConnectMultiple (node:net:1134:18)\n    at afterConnectMultiple (node:net:1715:7)","timestamp":"2026-02-16 07:26:02"}
{"level":"warn","message":"Redis reconnecting...","service":"sahara-fuel-api","timestamp":"2026-02-16 07:26:02"}
{"code":"ECONNREFUSED","level":"error","message":"Redis error:","service":"sahara-fuel-api","stack":"AggregateError [ECONNREFUSED]: \n    at internalConnectMultiple (node:net:1134:18)\n    at afterConnectMultiple (node:net:1715:7)","timestamp":"2026-02-16 07:26:02"}
{"level":"warn","message":"Redis reconnecting...","service":"sahara-fuel-api","timestamp":"2026-02-16 07:26:03"}
{"code":"ECONNREFUSED","level":"error","message":"Redis error:","service":"sahara-fuel-api","stack":"AggregateError [ECONNREFUSED]: \n    at internalConnectMultiple (node:net:1134:18)\n    at afterConnectMultiple (node:net:1715:7)","timestamp":"2026-02-16 07:26:03"}
{"level":"warn","message":"Redis reconnecting...","service":"sahara-fuel-api","timestamp":"2026-02-16 07:26:03"}
{"code":"ECONNREFUSED","level":"error","message":"Redis error:","service":"sahara-fuel-api","stack":"AggregateError [ECONNREFUSED]: \n    at internalConnectMultiple (node:net:1134:18)\n    at afterConnectMultiple (node:net:1715:7)","timestamp":"2026-02-16 07:26:03"}
{"level":"warn","message":"Redis reconnecting...","service":"sahara-fuel-api","timestamp":"2026-02-16 07:26:04"}
{"code":"ECONNREFUSED","level":"error","message":"Redis error:","service":"sahara-fuel-api","stack":"AggregateError [ECONNREFUSED]: \n    at internalConnectMultiple (node:net:1134:18)\n    at afterConnectMultiple (node:net:1715:7)","timestamp":"2026-02-16 07:26:04"}
{"level":"warn","message":"Redis reconnecting...","service":"sahara-fuel-api","timestamp":"2026-02-16 07:26:04"}
{"code":"ECONNREFUSED","level":"error","message":"Redis error:","service":"sahara-fuel-api","stack":"AggregateError [ECONNREFUSED]: \n    at internalConnectMultiple (node:net:1134:18)\n    at afterConnectMultiple (node:net:1715:7)","timestamp":"2026-02-16 07:26:04"}
{"level":"warn","message":"Redis reconnecting...","service":"sahara-fuel-api","timestamp":"2026-02-16 07:26:05"}
{"code":"ECONNREFUSED","level":"error","message":"Redis error:","service":"sahara-fuel-api","stack":"AggregateError [ECONNREFUSED]: \n    at internalConnectMultiple (node:net:1134:18)\n    at afterConnectMultiple (node:net:1715:7)","timestamp":"2026-02-16 07:26:05"}
{"level":"warn","message":"Redis reconnecting...","service":"sahara-fuel-api","timestamp":"2026-02-16 07:26:05"}
{"code":"ECONNREFUSED","level":"error","message":"Redis error:","service":"sahara-fuel-api","stack":"AggregateError [ECONNREFUSED]: \n    at internalConnectMultiple (node:net:1134:18)\n    at afterConnectMultiple (node:net:1715:7)","timestamp":"2026-02-16 07:26:05"}
{"level":"warn","message":"Redis reconnecting...","service":"sahara-fuel-api","timestamp":"2026-02-16 07:26:06"}
{"code":"ECONNREFUSED","level":"error","message":"Redis error:","service":"sahara-fuel-api","stack":"AggregateError [ECONNREFUSED]: \n    at internalConnectMultiple (node:net:1134:18)\n    at afterConnectMultiple (node:net:1715:7)","timestamp":"2026-02-16 07:26:06"}
{"level":"warn","message":"Redis reconnecting...","service":"sahara-fuel-api","timestamp":"2026-02-16 07:26:06"}
{"code":"ECONNREFUSED","level":"error","message":"Redis error:","service":"sahara-fuel-api","stack":"AggregateError [ECONNREFUSED]: \n    at internalConnectMultiple (node:net:1134:18)\n    at afterConnectMultiple (node:net:1715:7)","timestamp":"2026-02-16 07:26:06"}
{"level":"warn","message":"Redis reconnecting...","service":"sahara-fuel-api","timestamp":"2026-02-16 07:26:07"}
{"code":"ECONNREFUSED","level":"error","message":"Redis error:","service":"sahara-fuel-api","stack":"AggregateError [ECONNREFUSED]: \n    at internalConnectMultiple (node:net:1134:18)\n    at afterConnectMultiple (node:net:1715:7)","timestamp":"2026-02-16 07:26:07"}
{"level":"warn","message":"Redis reconnecting...","service":"sahara-fuel-api","timestamp":"2026-02-16 07:26:07"}
{"code":"ECONNREFUSED","level":"error","message":"Redis error:","service":"sahara-fuel-api","stack":"AggregateError [ECONNREFUSED]: \n    at internalConnectMultiple (node:net:1134:18)\n    at afterConnectMultiple (node:net:1715:7)","timestamp":"2026-02-16 07:26:07"}
{"level":"warn","message":"Redis reconnecting...","service":"sahara-fuel-api","timestamp":"2026-02-16 07:26:08"}
{"code":"ECONNREFUSED","level":"error","message":"Redis error:","service":"sahara-fuel-api","stack":"AggregateError [ECONNREFUSED]: \n    at internalConnectMultiple (node:net:1134:18)\n    at afterConnectMultiple (node:net:1715:7)","timestamp":"2026-02-16 07:26:08"}
{"level":"warn","message":"Redis reconnecting...","service":"sahara-fuel-api","timestamp":"2026-02-16 07:26:08"}
{"code":"ECONNREFUSED","level":"error","message":"Redis error:","service":"sahara-fuel-api","stack":"AggregateError [ECONNREFUSED]: \n    at internalConnectMultiple (node:net:1134:18)\n    at afterConnectMultiple (node:net:1715:7)","timestamp":"2026-02-16 07:26:08"}
{"level":"warn","message":"Redis reconnecting...","service":"sahara-fuel-api","timestamp":"2026-02-16 07:26:09"}
{"code":"ECONNREFUSED","level":"error","message":"Redis error:","service":"sahara-fuel-api","stack":"AggregateError [ECONNREFUSED]: \n    at internalConnectMultiple (node:net:1134:18)\n    at afterConnectMultiple (node:net:1715:7)","timestamp":"2026-02-16 07:26:09"}
{"level":"warn","message":"Redis reconnecting...","service":"sahara-fuel-api","timestamp":"2026-02-16 07:26:09"}
{"code":"ECONNREFUSED","level":"error","message":"Redis error:","service":"sahara-fuel-api","stack":"AggregateError [ECONNREFUSED]: \n    at internalConnectMultiple (node:net:1134:18)\n    at afterConnectMultiple (node:net:1715:7)","timestamp":"2026-02-16 07:26:09"}
{"level":"warn","message":"Redis reconnecting...","service":"sahara-fuel-api","timestamp":"2026-02-16 07:26:10"}
{"code":"ECONNREFUSED","level":"error","message":"Redis error:","service":"sahara-fuel-api","stack":"AggregateError [ECONNREFUSED]: \n    at internalConnectMultiple (node:net:1134:18)\n    at afterConnectMultiple (node:net:1715:7)","timestamp":"2026-02-16 07:26:10"}
{"level":"warn","message":"Redis reconnecting...","service":"sahara-fuel-api","timestamp":"2026-02-16 07:26:10"}
{"code":"ECONNREFUSED","level":"error","message":"Redis error:","service":"sahara-fuel-api","stack":"AggregateError [ECONNREFUSED]: \n    at internalConnectMultiple (node:net:1134:18)\n    at afterConnectMultiple (node:net:1715:7)","timestamp":"2026-02-16 07:26:10"}
{"level":"warn","message":"Redis reconnecting...","service":"sahara-fuel-api","timestamp":"2026-02-16 07:26:11"}
{"code":"ECONNREFUSED","level":"error","message":"Redis error:","service":"sahara-fuel-api","stack":"AggregateError [ECONNREFUSED]: \n    at internalConnectMultiple (node:net:1134:18)\n    at afterConnectMultiple (node:net:1715:7)","timestamp":"2026-02-16 07:26:11"}
{"level":"warn","message":"Redis reconnecting...","service":"sahara-fuel-api","timestamp":"2026-02-16 07:26:11"}
{"code":"ECONNREFUSED","level":"error","message":"Redis error:","service":"sahara-fuel-api","stack":"AggregateError [ECONNREFUSED]: \n    at internalConnectMultiple (node:net:1134:18)\n    at afterConnectMultiple (node:net:1715:7)","timestamp":"2026-02-16 07:26:11"}
{"level":"warn","message":"Redis reconnecting...","service":"sahara-fuel-api","timestamp":"2026-02-16 07:26:12"}
{"code":"ECONNREFUSED","level":"error","message":"Redis error:","service":"sahara-fuel-api","stack":"AggregateError [ECONNREFUSED]: \n    at internalConnectMultiple (node:net:1134:18)\n    at afterConnectMultiple (node:net:1715:7)","timestamp":"2026-02-16 07:26:12"}
{"level":"warn","message":"Redis reconnecting...","service":"sahara-fuel-api","timestamp":"2026-02-16 07:26:12"}
{"code":"ECONNREFUSED","level":"error","message":"Redis error:","service":"sahara-fuel-api","stack":"AggregateError [ECONNREFUSED]: \n    at internalConnectMultiple (node:net:1134:18)\n    at afterConnectMultiple (node:net:1715:7)","timestamp":"2026-02-16 07:26:12"}
{"level":"warn","message":"Redis reconnecting...","service":"sahara-fuel-api","timestamp":"2026-02-16 07:26:13"}
{"code":"ECONNREFUSED","level":"error","message":"Redis error:","service":"sahara-fuel-api","stack":"AggregateError [ECONNREFUSED]: \n    at internalConnectMultiple (node:net:1134:18)\n    at afterConnectMultiple (node:net:1715:7)","timestamp":"2026-02-16 07:26:13"}
{"level":"warn","message":"Redis reconnecting...","service":"sahara-fuel-api","timestamp":"2026-02-16 07:26:13"}
{"code":"ECONNREFUSED","level":"error","message":"Redis error:","service":"sahara-fuel-api","stack":"AggregateError [ECONNREFUSED]: \n    at internalConnectMultiple (node:net:1134:18)\n    at afterConnectMultiple (node:net:1715:7)","timestamp":"2026-02-16 07:26:13"}
{"level":"warn","message":"Redis reconnecting...","service":"sahara-fuel-api","timestamp":"2026-02-16 07:26:14"}
{"code":"ECONNREFUSED","level":"error","message":"Redis error:","service":"sahara-fuel-api","stack":"AggregateError [ECONNREFUSED]: \n    at internalConnectMultiple (node:net:1134:18)\n    at afterConnectMultiple (node:net:1715:7)","timestamp":"2026-02-16 07:26:14"}
{"level":"warn","message":"Redis reconnecting...","service":"sahara-fuel-api","timestamp":"2026-02-16 07:26:14"}
{"code":"ECONNREFUSED","level":"error","message":"Redis error:","service":"sahara-fuel-api","stack":"AggregateError [ECONNREFUSED]: \n    at internalConnectMultiple (node:net:1134:18)\n    at afterConnectMultiple (node:net:1715:7)","timestamp":"2026-02-16 07:26:14"}
{"level":"warn","message":"Redis reconnecting...","service":"sahara-fuel-api","timestamp":"2026-02-16 07:26:15"}
{"code":"ECONNREFUSED","level":"error","message":"Redis error:","service":"sahara-fuel-api","stack":"AggregateError [ECONNREFUSED]: \n    at internalConnectMultiple (node:net:1134:18)\n    at afterConnectMultiple (node:net:1715:7)","timestamp":"2026-02-16 07:26:15"}
{"level":"warn","message":"Redis reconnecting...","service":"sahara-fuel-api","timestamp":"2026-02-16 07:26:15"}
{"code":"ECONNREFUSED","level":"error","message":"Redis error:","service":"sahara-fuel-api","stack":"AggregateError [ECONNREFUSED]: \n    at internalConnectMultiple (node:net:1134:18)\n    at afterConnectMultiple (node:net:1715:7)","timestamp":"2026-02-16 07:26:15"}
{"level":"warn","message":"Redis reconnecting...","service":"sahara-fuel-api","timestamp":"2026-02-16 07:26:16"}
{"code":"ECONNREFUSED","level":"error","message":"Redis error:","service":"sahara-fuel-api","stack":"AggregateError [ECONNREFUSED]: \n    at internalConnectMultiple (node:net:1134:18)\n    at afterConnectMultiple (node:net:1715:7)","timestamp":"2026-02-16 07:26:16"}
{"level":"warn","message":"Redis reconnecting...","service":"sahara-fuel-api","timestamp":"2026-02-16 07:26:16"}
{"code":"ECONNREFUSED","level":"error","message":"Redis error:","service":"sahara-fuel-api","stack":"AggregateError [ECONNREFUSED]: \n    at internalConnectMultiple (node:net:1134:18)\n    at afterConnectMultiple (node:net:1715:7)","timestamp":"2026-02-16 07:26:16"}
{"level":"warn","message":"Redis reconnecting...","service":"sahara-fuel-api","timestamp":"2026-02-16 07:26:17"}
{"code":"ECONNREFUSED","level":"error","message":"Redis error:","service":"sahara-fuel-api","stack":"AggregateError [ECONNREFUSED]: \n    at internalConnectMultiple (node:net:1134:18)\n    at afterConnectMultiple (node:net:1715:7)","timestamp":"2026-02-16 07:26:17"}
{"level":"warn","message":"Redis reconnecting...","service":"sahara-fuel-api","timestamp":"2026-02-16 07:26:17"}
{"code":"ECONNREFUSED","level":"error","message":"Redis error:","service":"sahara-fuel-api","stack":"AggregateError [ECONNREFUSED]: \n    at internalConnectMultiple (node:net:1134:18)\n    at afterConnectMultiple (node:net:1715:7)","timestamp":"2026-02-16 07:26:17"}
{"level":"warn","message":"Redis reconnecting...","service":"sahara-fuel-api","timestamp":"2026-02-16 07:26:18"}
{"code":"ECONNREFUSED","level":"error","message":"Redis error:","service":"sahara-fuel-api","stack":"AggregateError [ECONNREFUSED]: \n    at internalConnectMultiple (node:net:1134:18)\n    at afterConnectMultiple (node:net:1715:7)","timestamp":"2026-02-16 07:26:18"}
{"level":"warn","message":"Redis reconnecting...","service":"sahara-fuel-api","timestamp":"2026-02-16 07:26:19"}
{"code":"ECONNREFUSED","level":"error","message":"Redis error:","service":"sahara-fuel-api","stack":"AggregateError [ECONNREFUSED]: \n    at internalConnectMultiple (node:net:1134:18)\n    at afterConnectMultiple (node:net:1715:7)","timestamp":"2026-02-16 07:26:19"}
{"level":"warn","message":"Redis reconnecting...","service":"sahara-fuel-api","timestamp":"2026-02-16 07:26:19"}
{"code":"ECONNREFUSED","level":"error","message":"Redis error:","service":"sahara-fuel-api","stack":"AggregateError [ECONNREFUSED]: \n    at internalConnectMultiple (node:net:1134:18)\n    at afterConnectMultiple (node:net:1715:7)","timestamp":"2026-02-16 07:26:19"}
{"level":"warn","message":"Redis reconnecting...","service":"sahara-fuel-api","timestamp":"2026-02-16 07:26:20"}
{"code":"ECONNREFUSED","level":"error","message":"Redis error:","service":"sahara-fuel-api","stack":"AggregateError [ECONNREFUSED]: \n    at internalConnectMultiple (node:net:1134:18)\n    at afterConnectMultiple (node:net:1715:7)","timestamp":"2026-02-16 07:26:20"}
{"level":"warn","message":"Redis reconnecting...","service":"sahara-fuel-api","timestamp":"2026-02-16 07:26:20"}
{"code":"ECONNREFUSED","level":"error","message":"Redis error:","service":"sahara-fuel-api","stack":"AggregateError [ECONNREFUSED]: \n    at internalConnectMultiple (node:net:1134:18)\n    at afterConnectMultiple (node:net:1715:7)","timestamp":"2026-02-16 07:26:20"}
{"level":"warn","message":"Redis reconnecting...","service":"sahara-fuel-api","timestamp":"2026-02-16 07:26:21"}
{"code":"ECONNREFUSED","level":"error","message":"Redis error:","service":"sahara-fuel-api","stack":"AggregateError [ECONNREFUSED]: \n    at internalConnectMultiple (node:net:1134:18)\n    at afterConnectMultiple (node:net:1715:7)","timestamp":"2026-02-16 07:26:21"}
{"level":"warn","message":"Redis reconnecting...","service":"sahara-fuel-api","timestamp":"2026-02-16 07:26:21"}
{"code":"ECONNREFUSED","level":"error","message":"Redis error:","service":"sahara-fuel-api","stack":"AggregateError [ECONNREFUSED]: \n    at internalConnectMultiple (node:net:1134:18)\n    at afterConnectMultiple (node:net:1715:7)","timestamp":"2026-02-16 07:26:21"}
{"level":"warn","message":"Redis reconnecting...","service":"sahara-fuel-api","timestamp":"2026-02-16 07:26:22"}
{"code":"ECONNREFUSED","level":"error","message":"Redis error:","service":"sahara-fuel-api","stack":"AggregateError [ECONNREFUSED]: \n    at internalConnectMultiple (node:net:1134:18)\n    at afterConnectMultiple (node:net:1715:7)","timestamp":"2026-02-16 07:26:22"}
{"level":"warn","message":"Redis reconnecting...","service":"sahara-fuel-api","timestamp":"2026-02-16 07:26:22"}
{"code":"ECONNREFUSED","level":"error","message":"Redis error:","service":"sahara-fuel-api","stack":"AggregateError [ECONNREFUSED]: \n    at internalConnectMultiple (node:net:1134:18)\n    at afterConnectMultiple (node:net:1715:7)","timestamp":"2026-02-16 07:26:22"}
{"level":"warn","message":"Redis reconnecting...","service":"sahara-fuel-api","timestamp":"2026-02-16 07:26:23"}
{"code":"ECONNREFUSED","level":"error","message":"Redis error:","service":"sahara-fuel-api","stack":"AggregateError [ECONNREFUSED]: \n    at internalConnectMultiple (node:net:1134:18)\n    at afterConnectMultiple (node:net:1715:7)","timestamp":"2026-02-16 07:26:23"}
{"level":"warn","message":"Redis reconnecting...","service":"sahara-fuel-api","timestamp":"2026-02-16 07:26:23"}
{"code":"ECONNREFUSED","level":"error","message":"Redis error:","service":"sahara-fuel-api","stack":"AggregateError [ECONNREFUSED]: \n    at internalConnectMultiple (node:net:1134:18)\n    at afterConnectMultiple (node:net:1715:7)","timestamp":"2026-02-16 07:26:23"}
{"level":"warn","message":"Redis reconnecting...","service":"sahara-fuel-api","timestamp":"2026-02-16 07:26:24"}
{"code":"ECONNREFUSED","level":"error","message":"Redis error:","service":"sahara-fuel-api","stack":"AggregateError [ECONNREFUSED]: \n    at internalConnectMultiple (node:net:1134:18)\n    at afterConnectMultiple (node:net:1715:7)","timestamp":"2026-02-16 07:26:24"}
{"level":"warn","message":"Redis reconnecting...","service":"sahara-fuel-api","timestamp":"2026-02-16 07:26:24"}
{"code":"ECONNREFUSED","level":"error","message":"Redis error:","service":"sahara-fuel-api","stack":"AggregateError [ECONNREFUSED]: \n    at internalConnectMultiple (node:net:1134:18)\n    at afterConnectMultiple (node:net:1715:7)","timestamp":"2026-02-16 07:26:24"}
{"level":"warn","message":"Redis reconnecting...","service":"sahara-fuel-api","timestamp":"2026-02-16 07:26:25"}
{"code":"ECONNREFUSED","level":"error","message":"Redis error:","service":"sahara-fuel-api","stack":"AggregateError [ECONNREFUSED]: \n    at internalConnectMultiple (node:net:1134:18)\n    at afterConnectMultiple (node:net:1715:7)","timestamp":"2026-02-16 07:26:25"}
{"level":"warn","message":"Redis reconnecting...","service":"sahara-fuel-api","timestamp":"2026-02-16 07:26:25"}
{"code":"ECONNREFUSED","level":"error","message":"Redis error:","service":"sahara-fuel-api","stack":"AggregateError [ECONNREFUSED]: \n    at internalConnectMultiple (node:net:1134:18)\n    at afterConnectMultiple (node:net:1715:7)","timestamp":"2026-02-16 07:26:25"}
{"level":"warn","message":"Redis reconnecting...","service":"sahara-fuel-api","timestamp":"2026-02-16 07:26:26"}
{"code":"ECONNREFUSED","level":"error","message":"Redis error:","service":"sahara-fuel-api","stack":"AggregateError [ECONNREFUSED]: \n    at internalConnectMultiple (node:net:1134:18)\n    at afterConnectMultiple (node:net:1715:7)","timestamp":"2026-02-16 07:26:26"}
{"level":"warn","message":"Redis reconnecting...","service":"sahara-fuel-api","timestamp":"2026-02-16 07:26:26"}
{"code":"ECONNREFUSED","level":"error","message":"Redis error:","service":"sahara-fuel-api","stack":"AggregateError [ECONNREFUSED]: \n    at internalConnectMultiple (node:net:1134:18)\n    at afterConnectMultiple (node:net:1715:7)","timestamp":"2026-02-16 07:26:26"}
{"level":"warn","message":"Redis reconnecting...","service":"sahara-fuel-api","timestamp":"2026-02-16 07:26:27"}
{"code":"ECONNREFUSED","level":"error","message":"Redis error:","service":"sahara-fuel-api","stack":"AggregateError [ECONNREFUSED]: \n    at internalConnectMultiple (node:net:1134:18)\n    at afterConnectMultiple (node:net:1715:7)","timestamp":"2026-02-16 07:26:27"}
{"level":"warn","message":"Redis reconnecting...","service":"sahara-fuel-api","timestamp":"2026-02-16 07:26:27"}
{"code":"ECONNREFUSED","level":"error","message":"Redis error:","service":"sahara-fuel-api","stack":"AggregateError [ECONNREFUSED]: \n    at internalConnectMultiple (node:net:1134:18)\n    at afterConnectMultiple (node:net:1715:7)","timestamp":"2026-02-16 07:26:27"}
{"level":"warn","message":"Redis reconnecting...","service":"sahara-fuel-api","timestamp":"2026-02-16 07:26:28"}
{"code":"ECONNREFUSED","level":"error","message":"Redis error:","service":"sahara-fuel-api","stack":"AggregateError [ECONNREFUSED]: \n    at internalConnectMultiple (node:net:1134:18)\n    at afterConnectMultiple (node:net:1715:7)","timestamp":"2026-02-16 07:26:28"}
{"level":"warn","message":"Redis reconnecting...","service":"sahara-fuel-api","timestamp":"2026-02-16 07:26:28"}
{"code":"ECONNREFUSED","level":"error","message":"Redis error:","service":"sahara-fuel-api","stack":"AggregateError [ECONNREFUSED]: \n    at internalConnectMultiple (node:net:1134:18)\n    at afterConnectMultiple (node:net:1715:7)","timestamp":"2026-02-16 07:26:28"}
{"level":"warn","message":"Redis reconnecting...","service":"sahara-fuel-api","timestamp":"2026-02-16 07:26:29"}
{"code":"ECONNREFUSED","level":"error","message":"Redis error:","service":"sahara-fuel-api","stack":"AggregateError [ECONNREFUSED]: \n    at internalConnectMultiple (node:net:1134:18)\n    at afterConnectMultiple (node:net:1715:7)","timestamp":"2026-02-16 07:26:29"}
{"level":"warn","message":"Redis reconnecting...","service":"sahara-fuel-api","timestamp":"2026-02-16 07:26:29"}
{"code":"ECONNREFUSED","level":"error","message":"Redis error:","service":"sahara-fuel-api","stack":"AggregateError [ECONNREFUSED]: \n    at internalConnectMultiple (node:net:1134:18)\n    at afterConnectMultiple (node:net:1715:7)","timestamp":"2026-02-16 07:26:29"}
{"level":"warn","message":"Redis reconnecting...","service":"sahara-fuel-api","timestamp":"2026-02-16 07:26:30"}
{"code":"ECONNREFUSED","level":"error","message":"Redis error:","service":"sahara-fuel-api","stack":"AggregateError [ECONNREFUSED]: \n    at internalConnectMultiple (node:net:1134:18)\n    at afterConnectMultiple (node:net:1715:7)","timestamp":"2026-02-16 07:26:30"}
{"level":"warn","message":"Redis reconnecting...","service":"sahara-fuel-api","timestamp":"2026-02-16 07:26:30"}
{"code":"ECONNREFUSED","level":"error","message":"Redis error:","service":"sahara-fuel-api","stack":"AggregateError [ECONNREFUSED]: \n    at internalConnectMultiple (node:net:1134:18)\n    at afterConnectMultiple (node:net:1715:7)","timestamp":"2026-02-16 07:26:30"}
{"level":"warn","message":"Redis reconnecting...","service":"sahara-fuel-api","timestamp":"2026-02-16 07:26:31"}
{"code":"ECONNREFUSED","level":"error","message":"Redis error:","service":"sahara-fuel-api","stack":"AggregateError [ECONNREFUSED]: \n    at internalConnectMultiple (node:net:1134:18)\n    at afterConnectMultiple (node:net:1715:7)","timestamp":"2026-02-16 07:26:31"}
{"level":"warn","message":"Redis reconnecting...","service":"sahara-fuel-api","timestamp":"2026-02-16 07:26:31"}
{"code":"ECONNREFUSED","level":"error","message":"Redis error:","service":"sahara-fuel-api","stack":"AggregateError [ECONNREFUSED]: \n    at internalConnectMultiple (node:net:1134:18)\n    at afterConnectMultiple (node:net:1715:7)","timestamp":"2026-02-16 07:26:31"}
{"level":"warn","message":"Redis reconnecting...","service":"sahara-fuel-api","timestamp":"2026-02-16 07:26:32"}
{"code":"ECONNREFUSED","level":"error","message":"Redis error:","service":"sahara-fuel-api","stack":"AggregateError [ECONNREFUSED]: \n    at internalConnectMultiple (node:net:1134:18)\n    at afterConnectMultiple (node:net:1715:7)","timestamp":"2026-02-16 07:26:32"}
{"level":"warn","message":"Redis reconnecting...","service":"sahara-fuel-api","timestamp":"2026-02-16 07:26:32"}
{"code":"ECONNREFUSED","level":"error","message":"Redis error:","service":"sahara-fuel-api","stack":"AggregateError [ECONNREFUSED]: \n    at internalConnectMultiple (node:net:1134:18)\n    at afterConnectMultiple (node:net:1715:7)","timestamp":"2026-02-16 07:26:32"}
{"level":"warn","message":"Redis reconnecting...","service":"sahara-fuel-api","timestamp":"2026-02-16 07:26:33"}
{"code":"ECONNREFUSED","level":"error","message":"Redis error:","service":"sahara-fuel-api","stack":"AggregateError [ECONNREFUSED]: \n    at internalConnectMultiple (node:net:1134:18)\n    at afterConnectMultiple (node:net:1715:7)","timestamp":"2026-02-16 07:26:33"}
{"level":"warn","message":"Redis reconnecting...","service":"sahara-fuel-api","timestamp":"2026-02-16 07:26:33"}
{"code":"ECONNREFUSED","level":"error","message":"Redis error:","service":"sahara-fuel-api","stack":"AggregateError [ECONNREFUSED]: \n    at internalConnectMultiple (node:net:1134:18)\n    at afterConnectMultiple (node:net:1715:7)","timestamp":"2026-02-16 07:26:33"}
{"level":"warn","message":"Redis reconnecting...","service":"sahara-fuel-api","timestamp":"2026-02-16 07:26:34"}
{"code":"ECONNREFUSED","level":"error","message":"Redis error:","service":"sahara-fuel-api","stack":"AggregateError [ECONNREFUSED]: \n    at internalConnectMultiple (node:net:1134:18)\n    at afterConnectMultiple (node:net:1715:7)","timestamp":"2026-02-16 07:26:34"}
{"level":"warn","message":"Redis reconnecting...","service":"sahara-fuel-api","timestamp":"2026-02-16 07:26:34"}
{"code":"ECONNREFUSED","level":"error","message":"Redis error:","service":"sahara-fuel-api","stack":"AggregateError [ECONNREFUSED]: \n    at internalConnectMultiple (node:net:1134:18)\n    at afterConnectMultiple (node:net:1715:7)","timestamp":"2026-02-16 07:26:34"}
{"level":"warn","message":"Redis reconnecting...","service":"sahara-fuel-api","timestamp":"2026-02-16 07:26:35"}
{"code":"ECONNREFUSED","level":"error","message":"Redis error:","service":"sahara-fuel-api","stack":"AggregateError [ECONNREFUSED]: \n    at internalConnectMultiple (node:net:1134:18)\n    at afterConnectMultiple (node:net:1715:7)","timestamp":"2026-02-16 07:26:35"}
{"level":"warn","message":"Redis reconnecting...","service":"sahara-fuel-api","timestamp":"2026-02-16 07:26:35"}
{"code":"ECONNREFUSED","level":"error","message":"Redis error:","service":"sahara-fuel-api","stack":"AggregateError [ECONNREFUSED]: \n    at internalConnectMultiple (node:net:1134:18)\n    at afterConnectMultiple (node:net:1715:7)","timestamp":"2026-02-16 07:26:35"}
{"level":"warn","message":"Redis reconnecting...","service":"sahara-fuel-api","timestamp":"2026-02-16 07:26:36"}
{"code":"ECONNREFUSED","level":"error","message":"Redis error:","service":"sahara-fuel-api","stack":"AggregateError [ECONNREFUSED]: \n    at internalConnectMultiple (node:net:1134:18)\n    at afterConnectMultiple (node:net:1715:7)","timestamp":"2026-02-16 07:26:36"}
{"level":"warn","message":"Redis reconnecting...","service":"sahara-fuel-api","timestamp":"2026-02-16 07:26:36"}
{"code":"ECONNREFUSED","level":"error","message":"Redis error:","service":"sahara-fuel-api","stack":"AggregateError [ECONNREFUSED]: \n    at internalConnectMultiple (node:net:1134:18)\n    at afterConnectMultiple (node:net:1715:7)","timestamp":"2026-02-16 07:26:36"}
{"level":"warn","message":"Redis reconnecting...","service":"sahara-fuel-api","timestamp":"2026-02-16 07:26:37"}
{"code":"ECONNREFUSED","level":"error","message":"Redis error:","service":"sahara-fuel-api","stack":"AggregateError [ECONNREFUSED]: \n    at internalConnectMultiple (node:net:1134:18)\n    at afterConnectMultiple (node:net:1715:7)","timestamp":"2026-02-16 07:26:37"}
{"level":"warn","message":"Redis reconnecting...","service":"sahara-fuel-api","timestamp":"2026-02-16 07:26:37"}
{"code":"ECONNREFUSED","level":"error","message":"Redis error:","service":"sahara-fuel-api","stack":"AggregateError [ECONNREFUSED]: \n    at internalConnectMultiple (node:net:1134:18)\n    at afterConnectMultiple (node:net:1715:7)","timestamp":"2026-02-16 07:26:37"}
{"level":"warn","message":"Redis reconnecting...","service":"sahara-fuel-api","timestamp":"2026-02-16 07:26:38"}
{"code":"ECONNREFUSED","level":"error","message":"Redis error:","service":"sahara-fuel-api","stack":"AggregateError [ECONNREFUSED]: \n    at internalConnectMultiple (node:net:1134:18)\n    at afterConnectMultiple (node:net:1715:7)","timestamp":"2026-02-16 07:26:38"}
{"level":"warn","message":"Redis reconnecting...","service":"sahara-fuel-api","timestamp":"2026-02-16 07:26:38"}
{"code":"ECONNREFUSED","level":"error","message":"Redis error:","service":"sahara-fuel-api","stack":"AggregateError [ECONNREFUSED]: \n    at internalConnectMultiple (node:net:1134:18)\n    at afterConnectMultiple (node:net:1715:7)","timestamp":"2026-02-16 07:26:38"}
{"level":"warn","message":"Redis reconnecting...","service":"sahara-fuel-api","timestamp":"2026-02-16 07:26:39"}
{"code":"ECONNREFUSED","level":"error","message":"Redis error:","service":"sahara-fuel-api","stack":"AggregateError [ECONNREFUSED]: \n    at internalConnectMultiple (node:net:1134:18)\n    at afterConnectMultiple (node:net:1715:7)","timestamp":"2026-02-16 07:26:39"}
{"level":"warn","message":"Redis reconnecting...","service":"sahara-fuel-api","timestamp":"2026-02-16 07:26:39"}
{"code":"ECONNREFUSED","level":"error","message":"Redis error:","service":"sahara-fuel-api","stack":"AggregateError [ECONNREFUSED]: \n    at internalConnectMultiple (node:net:1134:18)\n    at afterConnectMultiple (node:net:1715:7)","timestamp":"2026-02-16 07:26:39"}
{"level":"warn","message":"Redis reconnecting...","service":"sahara-fuel-api","timestamp":"2026-02-16 07:26:40"}
{"code":"ECONNREFUSED","level":"error","message":"Redis error:","service":"sahara-fuel-api","stack":"AggregateError [ECONNREFUSED]: \n    at internalConnectMultiple (node:net:1134:18)\n    at afterConnectMultiple (node:net:1715:7)","timestamp":"2026-02-16 07:26:40"}
{"level":"warn","message":"Redis reconnecting...","service":"sahara-fuel-api","timestamp":"2026-02-16 07:26:40"}
{"code":"ECONNREFUSED","level":"error","message":"Redis error:","service":"sahara-fuel-api","stack":"AggregateError [ECONNREFUSED]: \n    at internalConnectMultiple (node:net:1134:18)\n    at afterConnectMultiple (node:net:1715:7)","timestamp":"2026-02-16 07:26:40"}
{"level":"warn","message":"Redis reconnecting...","service":"sahara-fuel-api","timestamp":"2026-02-16 07:26:41"}
{"code":"ECONNREFUSED","level":"error","message":"Redis error:","service":"sahara-fuel-api","stack":"AggregateError [ECONNREFUSED]: \n    at internalConnectMultiple (node:net:1134:18)\n    at afterConnectMultiple (node:net:1715:7)","timestamp":"2026-02-16 07:26:41"}
{"level":"warn","message":"Redis reconnecting...","service":"sahara-fuel-api","timestamp":"2026-02-16 07:26:42"}
{"code":"ECONNREFUSED","level":"error","message":"Redis error:","service":"sahara-fuel-api","stack":"AggregateError [ECONNREFUSED]: \n    at internalConnectMultiple (node:net:1134:18)\n    at afterConnectMultiple (node:net:1715:7)","timestamp":"2026-02-16 07:26:42"}
{"level":"warn","message":"Redis reconnecting...","service":"sahara-fuel-api","timestamp":"2026-02-16 07:26:42"}
{"code":"ECONNREFUSED","level":"error","message":"Redis error:","service":"sahara-fuel-api","stack":"AggregateError [ECONNREFUSED]: \n    at internalConnectMultiple (node:net:1134:18)\n    at afterConnectMultiple (node:net:1715:7)","timestamp":"2026-02-16 07:26:42"}
{"level":"warn","message":"Redis reconnecting...","service":"sahara-fuel-api","timestamp":"2026-02-16 07:26:43"}
{"code":"ECONNREFUSED","level":"error","message":"Redis error:","service":"sahara-fuel-api","stack":"AggregateError [ECONNREFUSED]: \n    at internalConnectMultiple (node:net:1134:18)\n    at afterConnectMultiple (node:net:1715:7)","timestamp":"2026-02-16 07:26:43"}
{"level":"warn","message":"Redis reconnecting...","service":"sahara-fuel-api","timestamp":"2026-02-16 07:26:43"}
{"code":"ECONNREFUSED","level":"error","message":"Redis error:","service":"sahara-fuel-api","stack":"AggregateError [ECONNREFUSED]: \n    at internalConnectMultiple (node:net:1134:18)\n    at afterConnectMultiple (node:net:1715:7)","timestamp":"2026-02-16 07:26:43"}
{"level":"warn","message":"Redis reconnecting...","service":"sahara-fuel-api","timestamp":"2026-02-16 07:26:44"}
{"code":"ECONNREFUSED","level":"error","message":"Redis error:","service":"sahara-fuel-api","stack":"AggregateError [ECONNREFUSED]: \n    at internalConnectMultiple (node:net:1134:18)\n    at afterConnectMultiple (node:net:1715:7)","timestamp":"2026-02-16 07:26:44"}
{"level":"warn","message":"Redis reconnecting...","service":"sahara-fuel-api","timestamp":"2026-02-16 07:26:44"}
{"code":"ECONNREFUSED","level":"error","message":"Redis error:","service":"sahara-fuel-api","stack":"AggregateError [ECONNREFUSED]: \n    at internalConnectMultiple (node:net:1134:18)\n    at afterConnectMultiple (node:net:1715:7)","timestamp":"2026-02-16 07:26:44"}
{"level":"warn","message":"Redis reconnecting...","service":"sahara-fuel-api","timestamp":"2026-02-16 07:26:45"}
{"code":"ECONNREFUSED","level":"error","message":"Redis error:","service":"sahara-fuel-api","stack":"AggregateError [ECONNREFUSED]: \n    at internalConnectMultiple (node:net:1134:18)\n    at afterConnectMultiple (node:net:1715:7)","timestamp":"2026-02-16 07:26:45"}
{"level":"warn","message":"Redis reconnecting...","service":"sahara-fuel-api","timestamp":"2026-02-16 07:26:45"}
{"code":"ECONNREFUSED","level":"error","message":"Redis error:","service":"sahara-fuel-api","stack":"AggregateError [ECONNREFUSED]: \n    at internalConnectMultiple (node:net:1134:18)\n    at afterConnectMultiple (node:net:1715:7)","timestamp":"2026-02-16 07:26:45"}
{"level":"warn","message":"Redis reconnecting...","service":"sahara-fuel-api","timestamp":"2026-02-16 07:26:46"}
{"code":"ECONNREFUSED","level":"error","message":"Redis error:","service":"sahara-fuel-api","stack":"AggregateError [ECONNREFUSED]: \n    at internalConnectMultiple (node:net:1134:18)\n    at afterConnectMultiple (node:net:1715:7)","timestamp":"2026-02-16 07:26:46"}
{"level":"warn","message":"Redis reconnecting...","service":"sahara-fuel-api","timestamp":"2026-02-16 07:26:46"}
{"code":"ECONNREFUSED","level":"error","message":"Redis error:","service":"sahara-fuel-api","stack":"AggregateError [ECONNREFUSED]: \n    at internalConnectMultiple (node:net:1134:18)\n    at afterConnectMultiple (node:net:1715:7)","timestamp":"2026-02-16 07:26:46"}
{"level":"warn","message":"Redis reconnecting...","service":"sahara-fuel-api","timestamp":"2026-02-16 07:26:47"}
{"code":"ECONNREFUSED","level":"error","message":"Redis error:","service":"sahara-fuel-api","stack":"AggregateError [ECONNREFUSED]: \n    at internalConnectMultiple (node:net:1134:18)\n    at afterConnectMultiple (node:net:1715:7)","timestamp":"2026-02-16 07:26:47"}
{"level":"warn","message":"Redis reconnecting...","service":"sahara-fuel-api","timestamp":"2026-02-16 07:26:47"}
{"code":"ECONNREFUSED","level":"error","message":"Redis error:","service":"sahara-fuel-api","stack":"AggregateError [ECONNREFUSED]: \n    at internalConnectMultiple (node:net:1134:18)\n    at afterConnectMultiple (node:net:1715:7)","timestamp":"2026-02-16 07:26:47"}
{"level":"warn","message":"Redis reconnecting...","service":"sahara-fuel-api","timestamp":"2026-02-16 07:26:48"}
{"code":"ECONNREFUSED","level":"error","message":"Redis error:","service":"sahara-fuel-api","stack":"AggregateError [ECONNREFUSED]: \n    at internalConnectMultiple (node:net:1134:18)\n    at afterConnectMultiple (node:net:1715:7)","timestamp":"2026-02-16 07:26:48"}
{"level":"warn","message":"Redis reconnecting...","service":"sahara-fuel-api","timestamp":"2026-02-16 07:26:48"}
{"code":"ECONNREFUSED","level":"error","message":"Redis error:","service":"sahara-fuel-api","stack":"AggregateError [ECONNREFUSED]: \n    at internalConnectMultiple (node:net:1134:18)\n    at afterConnectMultiple (node:net:1715:7)","timestamp":"2026-02-16 07:26:48"}
{"level":"warn","message":"Redis reconnecting...","service":"sahara-fuel-api","timestamp":"2026-02-16 07:26:49"}
{"code":"ECONNREFUSED","level":"error","message":"Redis error:","service":"sahara-fuel-api","stack":"AggregateError [ECONNREFUSED]: \n    at internalConnectMultiple (node:net:1134:18)\n    at afterConnectMultiple (node:net:1715:7)","timestamp":"2026-02-16 07:26:49"}
{"level":"warn","message":"Redis reconnecting...","service":"sahara-fuel-api","timestamp":"2026-02-16 07:26:49"}
{"code":"ECONNREFUSED","level":"error","message":"Redis error:","service":"sahara-fuel-api","stack":"AggregateError [ECONNREFUSED]: \n    at internalConnectMultiple (node:net:1134:18)\n    at afterConnectMultiple (node:net:1715:7)","timestamp":"2026-02-16 07:26:49"}
{"level":"warn","message":"Redis reconnecting...","service":"sahara-fuel-api","timestamp":"2026-02-16 07:26:50"}
{"code":"ECONNREFUSED","level":"error","message":"Redis error:","service":"sahara-fuel-api","stack":"AggregateError [ECONNREFUSED]: \n    at internalConnectMultiple (node:net:1134:18)\n    at afterConnectMultiple (node:net:1715:7)","timestamp":"2026-02-16 07:26:50"}
{"level":"warn","message":"Redis reconnecting...","service":"sahara-fuel-api","timestamp":"2026-02-16 07:26:50"}
{"code":"ECONNREFUSED","level":"error","message":"Redis error:","service":"sahara-fuel-api","stack":"AggregateError [ECONNREFUSED]: \n    at internalConnectMultiple (node:net:1134:18)\n    at afterConnectMultiple (node:net:1715:7)","timestamp":"2026-02-16 07:26:50"}
{"level":"warn","message":"Redis reconnecting...","service":"sahara-fuel-api","timestamp":"2026-02-16 07:26:51"}
{"code":"ECONNREFUSED","level":"error","message":"Redis error:","service":"sahara-fuel-api","stack":"AggregateError [ECONNREFUSED]: \n    at internalConnectMultiple (node:net:1134:18)\n    at afterConnectMultiple (node:net:1715:7)","timestamp":"2026-02-16 07:26:51"}
{"level":"warn","message":"Redis reconnecting...","service":"sahara-fuel-api","timestamp":"2026-02-16 07:26:51"}
{"code":"ECONNREFUSED","level":"error","message":"Redis error:","service":"sahara-fuel-api","stack":"AggregateError [ECONNREFUSED]: \n    at internalConnectMultiple (node:net:1134:18)\n    at afterConnectMultiple (node:net:1715:7)","timestamp":"2026-02-16 07:26:51"}
{"level":"warn","message":"Redis reconnecting...","service":"sahara-fuel-api","timestamp":"2026-02-16 07:26:52"}
{"code":"ECONNREFUSED","level":"error","message":"Redis error:","service":"sahara-fuel-api","stack":"AggregateError [ECONNREFUSED]: \n    at internalConnectMultiple (node:net:1134:18)\n    at afterConnectMultiple (node:net:1715:7)","timestamp":"2026-02-16 07:26:52"}
{"level":"warn","message":"Redis reconnecting...","service":"sahara-fuel-api","timestamp":"2026-02-16 07:26:52"}
{"code":"ECONNREFUSED","level":"error","message":"Redis error:","service":"sahara-fuel-api","stack":"AggregateError [ECONNREFUSED]: \n    at internalConnectMultiple (node:net:1134:18)\n    at afterConnectMultiple (node:net:1715:7)","timestamp":"2026-02-16 07:26:52"}
{"level":"warn","message":"Redis reconnecting...","service":"sahara-fuel-api","timestamp":"2026-02-16 07:26:53"}
{"code":"ECONNREFUSED","level":"error","message":"Redis error:","service":"sahara-fuel-api","stack":"AggregateError [ECONNREFUSED]: \n    at internalConnectMultiple (node:net:1134:18)\n    at afterConnectMultiple (node:net:1715:7)","timestamp":"2026-02-16 07:26:53"}
{"level":"warn","message":"Redis reconnecting...","service":"sahara-fuel-api","timestamp":"2026-02-16 07:26:53"}
{"code":"ECONNREFUSED","level":"error","message":"Redis error:","service":"sahara-fuel-api","stack":"AggregateError [ECONNREFUSED]: \n    at internalConnectMultiple (node:net:1134:18)\n    at afterConnectMultiple (node:net:1715:7)","timestamp":"2026-02-16 07:26:53"}
{"level":"warn","message":"Redis reconnecting...","service":"sahara-fuel-api","timestamp":"2026-02-16 07:26:54"}
{"code":"ECONNREFUSED","level":"error","message":"Redis error:","service":"sahara-fuel-api","stack":"AggregateError [ECONNREFUSED]: \n    at internalConnectMultiple (node:net:1134:18)\n    at afterConnectMultiple (node:net:1715:7)","timestamp":"2026-02-16 07:26:54"}
{"level":"info","message":"PostgreSQL connected at Mon Feb 16 2026 07:26:54 GMT+0300 (Arabian Standard Time)","service":"sahara-fuel-api","timestamp":"2026-02-16 07:26:54"}
{"level":"info","message":"✅ PostgreSQL متصل","service":"sahara-fuel-api","timestamp":"2026-02-16 07:26:54"}
{"level":"warn","message":"⚠️ Redis غير متاح - يعمل بدون cache","service":"sahara-fuel-api","timestamp":"2026-02-16 07:26:54"}
{"level":"info","message":"✅ Redis متصل","service":"sahara-fuel-api","timestamp":"2026-02-16 07:26:54"}
{"level":"info","message":"🚀 Sahara Fuel SaaS API يعمل على المنفذ 3000","service":"sahara-fuel-api","timestamp":"2026-02-16 07:26:54"}
{"level":"info","message":"📍 البيئة: development","service":"sahara-fuel-api","timestamp":"2026-02-16 07:26:54"}
{"level":"info","message":"📖 API Docs: http://localhost:3000/api","service":"sahara-fuel-api","timestamp":"2026-02-16 07:26:54"}
{"level":"info","message":"💚 Health: http://localhost:3000/api/health","service":"sahara-fuel-api","timestamp":"2026-02-16 07:26:54"}
{"level":"info","message":"127.0.0.1 - - [16/Feb/2026:04:29:20 +0000] \"GET /api/health HTTP/1.1\" 200 134 \"-\" \"Mozilla/5.0 (Windows NT 10.0; Win64; x64) AppleWebKit/537.36 (KHTML, like Gecko) Chrome/144.0.0.0 Safari/537.36\"","service":"sahara-fuel-api","timestamp":"2026-02-16 07:29:20"}
{"level":"info","message":"127.0.0.1 - - [16/Feb/2026:04:29:20 +0000] \"GET /favicon.ico HTTP/1.1\" 404 94 \"-\" \"Mozilla/5.0 (Windows NT 10.0; Win64; x64) AppleWebKit/537.36 (KHTML, like Gecko) Chrome/144.0.0.0 Safari/537.36\"","service":"sahara-fuel-api","timestamp":"2026-02-16 07:29:20"}
{"level":"info","message":"127.0.0.1 - - [16/Feb/2026:04:32:08 +0000] \"GET /api HTTP/1.1\" 200 1905 \"-\" \"Mozilla/5.0 (Windows NT 10.0; Win64; x64) AppleWebKit/537.36 (KHTML, like Gecko) Chrome/144.0.0.0 Safari/537.36\"","service":"sahara-fuel-api","timestamp":"2026-02-16 07:32:08"}
{"level":"info","message":"127.0.0.1 - - [16/Feb/2026:04:32:20 +0000] \"GET /api/health HTTP/1.1\" 200 134 \"-\" \"Mozilla/5.0 (Windows NT 10.0; Win64; x64) AppleWebKit/537.36 (KHTML, like Gecko) Chrome/144.0.0.0 Safari/537.36\"","service":"sahara-fuel-api","timestamp":"2026-02-16 07:32:20"}
{"level":"info","message":"PostgreSQL connected at Mon Feb 16 2026 07:41:21 GMT+0300 (Arabian Standard Time)","service":"sahara-fuel-api","timestamp":"2026-02-16 07:41:21"}
{"level":"info","message":"✅ PostgreSQL متصل","service":"sahara-fuel-api","timestamp":"2026-02-16 07:41:21"}
{"level":"warn","message":"⚠️ Redis غير متاح - يعمل بدون cache","service":"sahara-fuel-api","timestamp":"2026-02-16 07:41:21"}
{"level":"info","message":"127.0.0.1 - - [16/Feb/2026:04:43:59 +0000] \"GET /api/health HTTP/1.1\" 200 134 \"-\" \"Mozilla/5.0 (Windows NT; Windows NT 10.0; en-US) WindowsPowerShell/5.1.26100.7705\"","service":"sahara-fuel-api","timestamp":"2026-02-16 07:43:59"}
{"level":"info","message":"127.0.0.1 - - [16/Feb/2026:04:46:21 +0000] \"POST /api/auth/login HTTP/1.1\" 200 733 \"http://localhost:61379/\" \"Mozilla/5.0 (Windows NT 10.0; Win64; x64) AppleWebKit/537.36 (KHTML, like Gecko) Chrome/144.0.0.0 Safari/537.36\"","service":"sahara-fuel-api","timestamp":"2026-02-16 07:46:21"}
{"level":"info","message":"127.0.0.1 - - [16/Feb/2026:04:46:21 +0000] \"GET /api/health HTTP/1.1\" 200 134 \"http://localhost:61379/\" \"Mozilla/5.0 (Windows NT 10.0; Win64; x64) AppleWebKit/537.36 (KHTML, like Gecko) Chrome/144.0.0.0 Safari/537.36\"","service":"sahara-fuel-api","timestamp":"2026-02-16 07:46:21"}
{"level":"info","message":"127.0.0.1 - - [16/Feb/2026:04:46:21 +0000] \"GET /api/tanks HTTP/1.1\" 200 2808 \"http://localhost:61379/\" \"Mozilla/5.0 (Windows NT 10.0; Win64; x64) AppleWebKit/537.36 (KHTML, like Gecko) Chrome/144.0.0.0 Safari/537.36\"","service":"sahara-fuel-api","timestamp":"2026-02-16 07:46:21"}
{"level":"info","message":"127.0.0.1 - - [16/Feb/2026:04:46:21 +0000] \"GET /api/fuel?page=1&limit=100 HTTP/1.1\" 200 82 \"http://localhost:61379/\" \"Mozilla/5.0 (Windows NT 10.0; Win64; x64) AppleWebKit/537.36 (KHTML, like Gecko) Chrome/144.0.0.0 Safari/537.36\"","service":"sahara-fuel-api","timestamp":"2026-02-16 07:46:21"}
{"level":"info","message":"127.0.0.1 - - [16/Feb/2026:04:46:21 +0000] \"GET /api/fuel/stats/summary HTTP/1.1\" 200 131 \"http://localhost:61379/\" \"Mozilla/5.0 (Windows NT 10.0; Win64; x64) AppleWebKit/537.36 (KHTML, like Gecko) Chrome/144.0.0.0 Safari/537.36\"","service":"sahara-fuel-api","timestamp":"2026-02-16 07:46:21"}
{"level":"info","message":"127.0.0.1 - - [16/Feb/2026:04:46:41 +0000] \"POST /api/auth/login HTTP/1.1\" 200 733 \"-\" \"Mozilla/5.0 (Windows NT; Windows NT 10.0; en-US) WindowsPowerShell/5.1.26100.7705\"","service":"sahara-fuel-api","timestamp":"2026-02-16 07:46:41"}
{"level":"info","message":"127.0.0.1 - - [16/Feb/2026:04:46:55 +0000] \"POST /api/auth/login HTTP/1.1\" 200 733 \"-\" \"Mozilla/5.0 (Windows NT; Windows NT 10.0; en-US) WindowsPowerShell/5.1.26100.7705\"","service":"sahara-fuel-api","timestamp":"2026-02-16 07:46:55"}
{"level":"info","message":"127.0.0.1 - - [16/Feb/2026:04:46:55 +0000] \"GET /api/tanks HTTP/1.1\" 200 2808 \"-\" \"Mozilla/5.0 (Windows NT; Windows NT 10.0; en-US) WindowsPowerShell/5.1.26100.7705\"","service":"sahara-fuel-api","timestamp":"2026-02-16 07:46:55"}
{"level":"info","message":"127.0.0.1 - - [16/Feb/2026:04:47:20 +0000] \"POST /api/auth/login HTTP/1.1\" 200 733 \"-\" \"Mozilla/5.0 (Windows NT; Windows NT 10.0; en-US) WindowsPowerShell/5.1.26100.7705\"","service":"sahara-fuel-api","timestamp":"2026-02-16 07:47:20"}
{"level":"info","message":"127.0.0.1 - - [16/Feb/2026:04:47:20 +0000] \"GET /api/fuel/stats/summary HTTP/1.1\" 200 131 \"-\" \"Mozilla/5.0 (Windows NT; Windows NT 10.0; en-US) WindowsPowerShell/5.1.26100.7705\"","service":"sahara-fuel-api","timestamp":"2026-02-16 07:47:20"}
{"level":"info","message":"127.0.0.1 - - [16/Feb/2026:04:48:19 +0000] \"POST /api/auth/login HTTP/1.1\" 200 733 \"http://localhost:61379/\" \"Mozilla/5.0 (Windows NT 10.0; Win64; x64) AppleWebKit/537.36 (KHTML, like Gecko) Chrome/144.0.0.0 Safari/537.36\"","service":"sahara-fuel-api","timestamp":"2026-02-16 07:48:19"}
{"level":"info","message":"127.0.0.1 - - [16/Feb/2026:04:48:19 +0000] \"GET /api/health HTTP/1.1\" 200 134 \"http://localhost:61379/\" \"Mozilla/5.0 (Windows NT 10.0; Win64; x64) AppleWebKit/537.36 (KHTML, like Gecko) Chrome/144.0.0.0 Safari/537.36\"","service":"sahara-fuel-api","timestamp":"2026-02-16 07:48:19"}
{"level":"info","message":"127.0.0.1 - - [16/Feb/2026:04:48:19 +0000] \"GET /api/tanks HTTP/1.1\" 304 - \"http://localhost:61379/\" \"Mozilla/5.0 (Windows NT 10.0; Win64; x64) AppleWebKit/537.36 (KHTML, like Gecko) Chrome/144.0.0.0 Safari/537.36\"","service":"sahara-fuel-api","timestamp":"2026-02-16 07:48:19"}
{"level":"info","message":"127.0.0.1 - - [16/Feb/2026:04:48:19 +0000] \"GET /api/fuel?page=1&limit=100 HTTP/1.1\" 304 - \"http://localhost:61379/\" \"Mozilla/5.0 (Windows NT 10.0; Win64; x64) AppleWebKit/537.36 (KHTML, like Gecko) Chrome/144.0.0.0 Safari/537.36\"","service":"sahara-fuel-api","timestamp":"2026-02-16 07:48:19"}
{"level":"info","message":"127.0.0.1 - - [16/Feb/2026:04:48:19 +0000] \"GET /api/fuel/stats/summary HTTP/1.1\" 304 - \"http://localhost:61379/\" \"Mozilla/5.0 (Windows NT 10.0; Win64; x64) AppleWebKit/537.36 (KHTML, like Gecko) Chrome/144.0.0.0 Safari/537.36\"","service":"sahara-fuel-api","timestamp":"2026-02-16 07:48:19"}
{"level":"info","message":"127.0.0.1 - - [16/Feb/2026:04:49:48 +0000] \"GET /api HTTP/1.1\" 304 - \"-\" \"Mozilla/5.0 (Windows NT 10.0; Win64; x64) AppleWebKit/537.36 (KHTML, like Gecko) Chrome/144.0.0.0 Safari/537.36\"","service":"sahara-fuel-api","timestamp":"2026-02-16 07:49:48"}
{"level":"info","message":"127.0.0.1 - - [16/Feb/2026:04:49:56 +0000] \"GET / HTTP/1.1\" 404 83 \"-\" \"Mozilla/5.0 (Windows NT 10.0; Win64; x64) AppleWebKit/537.36 (KHTML, like Gecko) Chrome/144.0.0.0 Safari/537.36\"","service":"sahara-fuel-api","timestamp":"2026-02-16 07:49:56"}
{"level":"info","message":"127.0.0.1 - - [16/Feb/2026:04:54:00 +0000] \"POST /api/auth/login HTTP/1.1\" 200 733 \"http://localhost:61379/\" \"Mozilla/5.0 (Windows NT 10.0; Win64; x64) AppleWebKit/537.36 (KHTML, like Gecko) Chrome/144.0.0.0 Safari/537.36\"","service":"sahara-fuel-api","timestamp":"2026-02-16 07:54:00"}
{"level":"info","message":"127.0.0.1 - - [16/Feb/2026:04:54:00 +0000] \"GET /api/health HTTP/1.1\" 200 134 \"http://localhost:61379/\" \"Mozilla/5.0 (Windows NT 10.0; Win64; x64) AppleWebKit/537.36 (KHTML, like Gecko) Chrome/144.0.0.0 Safari/537.36\"","service":"sahara-fuel-api","timestamp":"2026-02-16 07:54:00"}
{"level":"info","message":"127.0.0.1 - - [16/Feb/2026:04:54:00 +0000] \"GET /api/tanks HTTP/1.1\" 304 - \"http://localhost:61379/\" \"Mozilla/5.0 (Windows NT 10.0; Win64; x64) AppleWebKit/537.36 (KHTML, like Gecko) Chrome/144.0.0.0 Safari/537.36\"","service":"sahara-fuel-api","timestamp":"2026-02-16 07:54:00"}
{"level":"info","message":"127.0.0.1 - - [16/Feb/2026:04:54:00 +0000] \"GET /api/fuel?page=1&limit=100 HTTP/1.1\" 304 - \"http://localhost:61379/\" \"Mozilla/5.0 (Windows NT 10.0; Win64; x64) AppleWebKit/537.36 (KHTML, like Gecko) Chrome/144.0.0.0 Safari/537.36\"","service":"sahara-fuel-api","timestamp":"2026-02-16 07:54:00"}
{"level":"info","message":"127.0.0.1 - - [16/Feb/2026:04:54:00 +0000] \"GET /api/fuel/stats/summary HTTP/1.1\" 304 - \"http://localhost:61379/\" \"Mozilla/5.0 (Windows NT 10.0; Win64; x64) AppleWebKit/537.36 (KHTML, like Gecko) Chrome/144.0.0.0 Safari/537.36\"","service":"sahara-fuel-api","timestamp":"2026-02-16 07:54:00"}
{"level":"info","message":"127.0.0.1 - - [16/Feb/2026:04:57:19 +0000] \"POST /api/auth/login HTTP/1.1\" 200 733 \"http://localhost:61379/\" \"Mozilla/5.0 (Windows NT 10.0; Win64; x64) AppleWebKit/537.36 (KHTML, like Gecko) Chrome/144.0.0.0 Safari/537.36\"","service":"sahara-fuel-api","timestamp":"2026-02-16 07:57:19"}
{"level":"info","message":"127.0.0.1 - - [16/Feb/2026:04:57:19 +0000] \"GET /api/health HTTP/1.1\" 200 134 \"http://localhost:61379/\" \"Mozilla/5.0 (Windows NT 10.0; Win64; x64) AppleWebKit/537.36 (KHTML, like Gecko) Chrome/144.0.0.0 Safari/537.36\"","service":"sahara-fuel-api","timestamp":"2026-02-16 07:57:19"}
{"level":"info","message":"127.0.0.1 - - [16/Feb/2026:04:57:19 +0000] \"GET /api/tanks HTTP/1.1\" 304 - \"http://localhost:61379/\" \"Mozilla/5.0 (Windows NT 10.0; Win64; x64) AppleWebKit/537.36 (KHTML, like Gecko) Chrome/144.0.0.0 Safari/537.36\"","service":"sahara-fuel-api","timestamp":"2026-02-16 07:57:19"}
{"level":"info","message":"127.0.0.1 - - [16/Feb/2026:04:57:19 +0000] \"GET /api/fuel?page=1&limit=100 HTTP/1.1\" 304 - \"http://localhost:61379/\" \"Mozilla/5.0 (Windows NT 10.0; Win64; x64) AppleWebKit/537.36 (KHTML, like Gecko) Chrome/144.0.0.0 Safari/537.36\"","service":"sahara-fuel-api","timestamp":"2026-02-16 07:57:19"}
{"level":"info","message":"127.0.0.1 - - [16/Feb/2026:04:57:19 +0000] \"GET /api/fuel/stats/summary HTTP/1.1\" 304 - \"http://localhost:61379/\" \"Mozilla/5.0 (Windows NT 10.0; Win64; x64) AppleWebKit/537.36 (KHTML, like Gecko) Chrome/144.0.0.0 Safari/537.36\"","service":"sahara-fuel-api","timestamp":"2026-02-16 07:57:19"}
{"level":"info","message":"PostgreSQL connected at Mon Feb 16 2026 08:12:33 GMT+0300 (Arabian Standard Time)","service":"sahara-fuel-api","timestamp":"2026-02-16 08:12:33"}
{"level":"info","message":"PostgreSQL connected at Mon Feb 16 2026 08:12:33 GMT+0300 (Arabian Standard Time)","service":"sahara-fuel-api","timestamp":"2026-02-16 08:12:33"}
{"level":"info","message":"✅ PostgreSQL متصل","service":"sahara-fuel-api","timestamp":"2026-02-16 08:12:33"}
{"level":"info","message":"✅ PostgreSQL متصل","service":"sahara-fuel-api","timestamp":"2026-02-16 08:12:33"}
{"level":"warn","message":"⚠️ Redis غير متاح - يعمل بدون cache","service":"sahara-fuel-api","timestamp":"2026-02-16 08:12:33"}
{"level":"warn","message":"⚠️ Redis غير متاح - يعمل بدون cache","service":"sahara-fuel-api","timestamp":"2026-02-16 08:12:33"}
{"level":"info","message":"✅ Redis متصل","service":"sahara-fuel-api","timestamp":"2026-02-16 08:12:33"}
{"level":"info","message":"🚀 Sahara Fuel SaaS API يعمل على المنفذ 3000","service":"sahara-fuel-api","timestamp":"2026-02-16 08:12:33"}
{"level":"info","message":"📍 البيئة: development","service":"sahara-fuel-api","timestamp":"2026-02-16 08:12:33"}
{"level":"info","message":"📖 API Docs: http://localhost:3000/api","service":"sahara-fuel-api","timestamp":"2026-02-16 08:12:33"}
{"level":"info","message":"💚 Health: http://localhost:3000/api/health","service":"sahara-fuel-api","timestamp":"2026-02-16 08:12:33"}
{"level":"info","message":"PostgreSQL connected at Mon Feb 16 2026 08:12:42 GMT+0300 (Arabian Standard Time)","service":"sahara-fuel-api","timestamp":"2026-02-16 08:12:42"}
{"level":"info","message":"PostgreSQL connected at Mon Feb 16 2026 08:12:42 GMT+0300 (Arabian Standard Time)","service":"sahara-fuel-api","timestamp":"2026-02-16 08:12:42"}
{"level":"info","message":"✅ PostgreSQL متصل","service":"sahara-fuel-api","timestamp":"2026-02-16 08:12:42"}
{"level":"warn","message":"⚠️ Redis غير متاح - يعمل بدون cache","service":"sahara-fuel-api","timestamp":"2026-02-16 08:12:42"}
{"level":"info","message":"✅ PostgreSQL متصل","service":"sahara-fuel-api","timestamp":"2026-02-16 08:12:42"}
{"level":"warn","message":"⚠️ Redis غير متاح - يعمل بدون cache","service":"sahara-fuel-api","timestamp":"2026-02-16 08:12:42"}
{"level":"info","message":"✅ Redis متصل","service":"sahara-fuel-api","timestamp":"2026-02-16 08:12:42"}
{"level":"info","message":"🚀 Sahara Fuel SaaS API يعمل على المنفذ 3000","service":"sahara-fuel-api","timestamp":"2026-02-16 08:12:42"}
{"level":"info","message":"📍 البيئة: development","service":"sahara-fuel-api","timestamp":"2026-02-16 08:12:42"}
{"level":"info","message":"📖 API Docs: http://localhost:3000/api","service":"sahara-fuel-api","timestamp":"2026-02-16 08:12:42"}
{"level":"info","message":"💚 Health: http://localhost:3000/api/health","service":"sahara-fuel-api","timestamp":"2026-02-16 08:12:42"}
{"level":"info","message":"PostgreSQL connected at Mon Feb 16 2026 08:12:51 GMT+0300 (Arabian Standard Time)","service":"sahara-fuel-api","timestamp":"2026-02-16 08:12:51"}
{"level":"info","message":"✅ PostgreSQL متصل","service":"sahara-fuel-api","timestamp":"2026-02-16 08:12:51"}
{"level":"warn","message":"⚠️ Redis غير متاح - يعمل بدون cache","service":"sahara-fuel-api","timestamp":"2026-02-16 08:12:51"}
{"level":"info","message":"✅ Redis متصل","service":"sahara-fuel-api","timestamp":"2026-02-16 08:12:51"}
{"level":"info","message":"🚀 Sahara Fuel SaaS API يعمل على المنفذ 3000","service":"sahara-fuel-api","timestamp":"2026-02-16 08:12:51"}
{"level":"info","message":"📍 البيئة: development","service":"sahara-fuel-api","timestamp":"2026-02-16 08:12:51"}
{"level":"info","message":"📖 API Docs: http://localhost:3000/api","service":"sahara-fuel-api","timestamp":"2026-02-16 08:12:51"}
{"level":"info","message":"💚 Health: http://localhost:3000/api/health","service":"sahara-fuel-api","timestamp":"2026-02-16 08:12:51"}
{"level":"info","message":"PostgreSQL connected at Mon Feb 16 2026 08:12:51 GMT+0300 (Arabian Standard Time)","service":"sahara-fuel-api","timestamp":"2026-02-16 08:12:51"}
{"level":"info","message":"✅ PostgreSQL متصل","service":"sahara-fuel-api","timestamp":"2026-02-16 08:12:51"}
{"level":"warn","message":"⚠️ Redis غير متاح - يعمل بدون cache","service":"sahara-fuel-api","timestamp":"2026-02-16 08:12:51"}
{"level":"info","message":"PostgreSQL connected at Mon Feb 16 2026 08:23:16 GMT+0300 (Arabian Standard Time)","service":"sahara-fuel-api","timestamp":"2026-02-16 08:23:16"}
{"level":"info","message":"✅ PostgreSQL متصل","service":"sahara-fuel-api","timestamp":"2026-02-16 08:23:16"}
{"level":"warn","message":"⚠️ Redis غير متاح - يعمل بدون cache","service":"sahara-fuel-api","timestamp":"2026-02-16 08:23:16"}
{"level":"info","message":"127.0.0.1 - - [16/Feb/2026:05:28:13 +0000] \"POST /api/auth/login HTTP/1.1\" 200 733 \"http://localhost:57342/\" \"Mozilla/5.0 (Windows NT 10.0; Win64; x64) AppleWebKit/537.36 (KHTML, like Gecko) Chrome/144.0.0.0 Safari/537.36\"","service":"sahara-fuel-api","timestamp":"2026-02-16 08:28:13"}
{"level":"info","message":"127.0.0.1 - - [16/Feb/2026:05:28:13 +0000] \"GET /api/health HTTP/1.1\" 200 134 \"http://localhost:57342/\" \"Mozilla/5.0 (Windows NT 10.0; Win64; x64) AppleWebKit/537.36 (KHTML, like Gecko) Chrome/144.0.0.0 Safari/537.36\"","service":"sahara-fuel-api","timestamp":"2026-02-16 08:28:13"}
{"level":"info","message":"127.0.0.1 - - [16/Feb/2026:05:28:13 +0000] \"GET /api/tanks HTTP/1.1\" 200 2808 \"http://localhost:57342/\" \"Mozilla/5.0 (Windows NT 10.0; Win64; x64) AppleWebKit/537.36 (KHTML, like Gecko) Chrome/144.0.0.0 Safari/537.36\"","service":"sahara-fuel-api","timestamp":"2026-02-16 08:28:13"}
{"level":"info","message":"127.0.0.1 - - [16/Feb/2026:05:28:13 +0000] \"GET /api/fuel?page=1&limit=100 HTTP/1.1\" 200 82 \"http://localhost:57342/\" \"Mozilla/5.0 (Windows NT 10.0; Win64; x64) AppleWebKit/537.36 (KHTML, like Gecko) Chrome/144.0.0.0 Safari/537.36\"","service":"sahara-fuel-api","timestamp":"2026-02-16 08:28:13"}
{"level":"info","message":"127.0.0.1 - - [16/Feb/2026:05:28:13 +0000] \"GET /api/fuel/stats/summary HTTP/1.1\" 200 131 \"http://localhost:57342/\" \"Mozilla/5.0 (Windows NT 10.0; Win64; x64) AppleWebKit/537.36 (KHTML, like Gecko) Chrome/144.0.0.0 Safari/537.36\"","service":"sahara-fuel-api","timestamp":"2026-02-16 08:28:13"}
{"level":"info","message":"127.0.0.1 - - [16/Feb/2026:05:29:55 +0000] \"GET /api/health HTTP/1.1\" 200 134 \"http://localhost:57342/\" \"Mozilla/5.0 (Windows NT 10.0; Win64; x64) AppleWebKit/537.36 (KHTML, like Gecko) Chrome/144.0.0.0 Safari/537.36\"","service":"sahara-fuel-api","timestamp":"2026-02-16 08:29:55"}
{"level":"info","message":"127.0.0.1 - - [16/Feb/2026:05:29:55 +0000] \"GET /api/tanks HTTP/1.1\" 304 - \"http://localhost:57342/\" \"Mozilla/5.0 (Windows NT 10.0; Win64; x64) AppleWebKit/537.36 (KHTML, like Gecko) Chrome/144.0.0.0 Safari/537.36\"","service":"sahara-fuel-api","timestamp":"2026-02-16 08:29:55"}
{"level":"info","message":"127.0.0.1 - - [16/Feb/2026:05:29:55 +0000] \"GET /api/health HTTP/1.1\" 200 134 \"http://localhost:57342/\" \"Mozilla/5.0 (Windows NT 10.0; Win64; x64) AppleWebKit/537.36 (KHTML, like Gecko) Chrome/144.0.0.0 Safari/537.36\"","service":"sahara-fuel-api","timestamp":"2026-02-16 08:29:55"}
{"level":"info","message":"127.0.0.1 - - [16/Feb/2026:05:31:42 +0000] \"POST /api/auth/login HTTP/1.1\" 200 733 \"http://localhost:57342/\" \"Mozilla/5.0 (Windows NT 10.0; Win64; x64) AppleWebKit/537.36 (KHTML, like Gecko) Chrome/144.0.0.0 Safari/537.36\"","service":"sahara-fuel-api","timestamp":"2026-02-16 08:31:42"}
{"level":"info","message":"127.0.0.1 - - [16/Feb/2026:05:31:42 +0000] \"GET /api/health HTTP/1.1\" 200 134 \"http://localhost:57342/\" \"Mozilla/5.0 (Windows NT 10.0; Win64; x64) AppleWebKit/537.36 (KHTML, like Gecko) Chrome/144.0.0.0 Safari/537.36\"","service":"sahara-fuel-api","timestamp":"2026-02-16 08:31:42"}
{"level":"info","message":"127.0.0.1 - - [16/Feb/2026:05:31:42 +0000] \"GET /api/tanks HTTP/1.1\" 304 - \"http://localhost:57342/\" \"Mozilla/5.0 (Windows NT 10.0; Win64; x64) AppleWebKit/537.36 (KHTML, like Gecko) Chrome/144.0.0.0 Safari/537.36\"","service":"sahara-fuel-api","timestamp":"2026-02-16 08:31:42"}
{"level":"info","message":"127.0.0.1 - - [16/Feb/2026:05:31:42 +0000] \"GET /api/fuel?page=1&limit=100 HTTP/1.1\" 304 - \"http://localhost:57342/\" \"Mozilla/5.0 (Windows NT 10.0; Win64; x64) AppleWebKit/537.36 (KHTML, like Gecko) Chrome/144.0.0.0 Safari/537.36\"","service":"sahara-fuel-api","timestamp":"2026-02-16 08:31:42"}
{"level":"info","message":"127.0.0.1 - - [16/Feb/2026:05:31:42 +0000] \"GET /api/fuel/stats/summary HTTP/1.1\" 304 - \"http://localhost:57342/\" \"Mozilla/5.0 (Windows NT 10.0; Win64; x64) AppleWebKit/537.36 (KHTML, like Gecko) Chrome/144.0.0.0 Safari/537.36\"","service":"sahara-fuel-api","timestamp":"2026-02-16 08:31:42"}
{"level":"info","message":"127.0.0.1 - - [16/Feb/2026:05:34:00 +0000] \"POST /api/auth/login HTTP/1.1\" 200 733 \"http://localhost:57342/\" \"Mozilla/5.0 (Windows NT 10.0; Win64; x64) AppleWebKit/537.36 (KHTML, like Gecko) Chrome/144.0.0.0 Safari/537.36\"","service":"sahara-fuel-api","timestamp":"2026-02-16 08:34:00"}
{"level":"info","message":"127.0.0.1 - - [16/Feb/2026:05:34:00 +0000] \"GET /api/health HTTP/1.1\" 200 134 \"http://localhost:57342/\" \"Mozilla/5.0 (Windows NT 10.0; Win64; x64) AppleWebKit/537.36 (KHTML, like Gecko) Chrome/144.0.0.0 Safari/537.36\"","service":"sahara-fuel-api","timestamp":"2026-02-16 08:34:00"}
{"level":"info","message":"127.0.0.1 - - [16/Feb/2026:05:34:00 +0000] \"GET /api/tanks HTTP/1.1\" 304 - \"http://localhost:57342/\" \"Mozilla/5.0 (Windows NT 10.0; Win64; x64) AppleWebKit/537.36 (KHTML, like Gecko) Chrome/144.0.0.0 Safari/537.36\"","service":"sahara-fuel-api","timestamp":"2026-02-16 08:34:00"}
{"level":"info","message":"127.0.0.1 - - [16/Feb/2026:05:34:00 +0000] \"GET /api/fuel?page=1&limit=100 HTTP/1.1\" 304 - \"http://localhost:57342/\" \"Mozilla/5.0 (Windows NT 10.0; Win64; x64) AppleWebKit/537.36 (KHTML, like Gecko) Chrome/144.0.0.0 Safari/537.36\"","service":"sahara-fuel-api","timestamp":"2026-02-16 08:34:00"}
{"level":"info","message":"127.0.0.1 - - [16/Feb/2026:05:34:00 +0000] \"GET /api/fuel/stats/summary HTTP/1.1\" 304 - \"http://localhost:57342/\" \"Mozilla/5.0 (Windows NT 10.0; Win64; x64) AppleWebKit/537.36 (KHTML, like Gecko) Chrome/144.0.0.0 Safari/537.36\"","service":"sahara-fuel-api","timestamp":"2026-02-16 08:34:00"}
{"level":"info","message":"127.0.0.1 - - [16/Feb/2026:05:35:58 +0000] \"POST /api/auth/login HTTP/1.1\" 200 733 \"http://localhost:60322/\" \"Mozilla/5.0 (Windows NT 10.0; Win64; x64) AppleWebKit/537.36 (KHTML, like Gecko) Chrome/144.0.0.0 Safari/537.36\"","service":"sahara-fuel-api","timestamp":"2026-02-16 08:35:58"}
{"level":"info","message":"127.0.0.1 - - [16/Feb/2026:05:35:58 +0000] \"GET /api/health HTTP/1.1\" 200 134 \"http://localhost:60322/\" \"Mozilla/5.0 (Windows NT 10.0; Win64; x64) AppleWebKit/537.36 (KHTML, like Gecko) Chrome/144.0.0.0 Safari/537.36\"","service":"sahara-fuel-api","timestamp":"2026-02-16 08:35:58"}
{"level":"info","message":"127.0.0.1 - - [16/Feb/2026:05:35:58 +0000] \"GET /api/tanks HTTP/1.1\" 200 2808 \"http://localhost:60322/\" \"Mozilla/5.0 (Windows NT 10.0; Win64; x64) AppleWebKit/537.36 (KHTML, like Gecko) Chrome/144.0.0.0 Safari/537.36\"","service":"sahara-fuel-api","timestamp":"2026-02-16 08:35:58"}
{"level":"info","message":"127.0.0.1 - - [16/Feb/2026:05:35:58 +0000] \"GET /api/fuel?page=1&limit=100 HTTP/1.1\" 200 82 \"http://localhost:60322/\" \"Mozilla/5.0 (Windows NT 10.0; Win64; x64) AppleWebKit/537.36 (KHTML, like Gecko) Chrome/144.0.0.0 Safari/537.36\"","service":"sahara-fuel-api","timestamp":"2026-02-16 08:35:58"}
{"level":"info","message":"127.0.0.1 - - [16/Feb/2026:05:35:58 +0000] \"GET /api/fuel/stats/summary HTTP/1.1\" 200 131 \"http://localhost:60322/\" \"Mozilla/5.0 (Windows NT 10.0; Win64; x64) AppleWebKit/537.36 (KHTML, like Gecko) Chrome/144.0.0.0 Safari/537.36\"","service":"sahara-fuel-api","timestamp":"2026-02-16 08:35:58"}
{"level":"info","message":"127.0.0.1 - - [16/Feb/2026:05:38:05 +0000] \"POST /api/auth/login HTTP/1.1\" 200 733 \"http://localhost:64744/\" \"Mozilla/5.0 (Windows NT 10.0; Win64; x64) AppleWebKit/537.36 (KHTML, like Gecko) Chrome/144.0.0.0 Safari/537.36\"","service":"sahara-fuel-api","timestamp":"2026-02-16 08:38:05"}
{"level":"info","message":"127.0.0.1 - - [16/Feb/2026:05:38:05 +0000] \"GET /api/health HTTP/1.1\" 200 134 \"http://localhost:64744/\" \"Mozilla/5.0 (Windows NT 10.0; Win64; x64) AppleWebKit/537.36 (KHTML, like Gecko) Chrome/144.0.0.0 Safari/537.36\"","service":"sahara-fuel-api","timestamp":"2026-02-16 08:38:05"}
{"level":"info","message":"127.0.0.1 - - [16/Feb/2026:05:38:05 +0000] \"GET /api/tanks HTTP/1.1\" 200 2808 \"http://localhost:64744/\" \"Mozilla/5.0 (Windows NT 10.0; Win64; x64) AppleWebKit/537.36 (KHTML, like Gecko) Chrome/144.0.0.0 Safari/537.36\"","service":"sahara-fuel-api","timestamp":"2026-02-16 08:38:05"}
{"level":"info","message":"127.0.0.1 - - [16/Feb/2026:05:38:05 +0000] \"GET /api/fuel?page=1&limit=100 HTTP/1.1\" 200 82 \"http://localhost:64744/\" \"Mozilla/5.0 (Windows NT 10.0; Win64; x64) AppleWebKit/537.36 (KHTML, like Gecko) Chrome/144.0.0.0 Safari/537.36\"","service":"sahara-fuel-api","timestamp":"2026-02-16 08:38:05"}
{"level":"info","message":"127.0.0.1 - - [16/Feb/2026:05:38:05 +0000] \"GET /api/fuel/stats/summary HTTP/1.1\" 200 131 \"http://localhost:64744/\" \"Mozilla/5.0 (Windows NT 10.0; Win64; x64) AppleWebKit/537.36 (KHTML, like Gecko) Chrome/144.0.0.0 Safari/537.36\"","service":"sahara-fuel-api","timestamp":"2026-02-16 08:38:05"}
{"level":"info","message":"127.0.0.1 - - [16/Feb/2026:05:39:32 +0000] \"POST /api/auth/login HTTP/1.1\" 200 733 \"http://localhost:64744/\" \"Mozilla/5.0 (Windows NT 10.0; Win64; x64) AppleWebKit/537.36 (KHTML, like Gecko) Chrome/144.0.0.0 Safari/537.36\"","service":"sahara-fuel-api","timestamp":"2026-02-16 08:39:32"}
{"level":"info","message":"127.0.0.1 - - [16/Feb/2026:05:39:32 +0000] \"GET /api/health HTTP/1.1\" 200 134 \"http://localhost:64744/\" \"Mozilla/5.0 (Windows NT 10.0; Win64; x64) AppleWebKit/537.36 (KHTML, like Gecko) Chrome/144.0.0.0 Safari/537.36\"","service":"sahara-fuel-api","timestamp":"2026-02-16 08:39:32"}
{"level":"info","message":"127.0.0.1 - - [16/Feb/2026:05:39:32 +0000] \"GET /api/tanks HTTP/1.1\" 304 - \"http://localhost:64744/\" \"Mozilla/5.0 (Windows NT 10.0; Win64; x64) AppleWebKit/537.36 (KHTML, like Gecko) Chrome/144.0.0.0 Safari/537.36\"","service":"sahara-fuel-api","timestamp":"2026-02-16 08:39:32"}
{"level":"info","message":"127.0.0.1 - - [16/Feb/2026:05:39:32 +0000] \"GET /api/fuel?page=1&limit=100 HTTP/1.1\" 304 - \"http://localhost:64744/\" \"Mozilla/5.0 (Windows NT 10.0; Win64; x64) AppleWebKit/537.36 (KHTML, like Gecko) Chrome/144.0.0.0 Safari/537.36\"","service":"sahara-fuel-api","timestamp":"2026-02-16 08:39:32"}
{"level":"info","message":"127.0.0.1 - - [16/Feb/2026:05:39:32 +0000] \"GET /api/fuel/stats/summary HTTP/1.1\" 304 - \"http://localhost:64744/\" \"Mozilla/5.0 (Windows NT 10.0; Win64; x64) AppleWebKit/537.36 (KHTML, like Gecko) Chrome/144.0.0.0 Safari/537.36\"","service":"sahara-fuel-api","timestamp":"2026-02-16 08:39:32"}
{"level":"info","message":"127.0.0.1 - - [16/Feb/2026:05:40:56 +0000] \"POST /api/auth/login HTTP/1.1\" 200 733 \"http://localhost:61648/\" \"Mozilla/5.0 (Windows NT 10.0; Win64; x64) AppleWebKit/537.36 (KHTML, like Gecko) Chrome/144.0.0.0 Safari/537.36\"","service":"sahara-fuel-api","timestamp":"2026-02-16 08:40:56"}
{"level":"info","message":"127.0.0.1 - - [16/Feb/2026:05:40:56 +0000] \"GET /api/health HTTP/1.1\" 200 134 \"http://localhost:61648/\" \"Mozilla/5.0 (Windows NT 10.0; Win64; x64) AppleWebKit/537.36 (KHTML, like Gecko) Chrome/144.0.0.0 Safari/537.36\"","service":"sahara-fuel-api","timestamp":"2026-02-16 08:40:56"}
{"level":"info","message":"127.0.0.1 - - [16/Feb/2026:05:40:56 +0000] \"GET /api/tanks HTTP/1.1\" 200 2808 \"http://localhost:61648/\" \"Mozilla/5.0 (Windows NT 10.0; Win64; x64) AppleWebKit/537.36 (KHTML, like Gecko) Chrome/144.0.0.0 Safari/537.36\"","service":"sahara-fuel-api","timestamp":"2026-02-16 08:40:56"}
{"level":"info","message":"127.0.0.1 - - [16/Feb/2026:05:40:56 +0000] \"GET /api/fuel?page=1&limit=100 HTTP/1.1\" 200 82 \"http://localhost:61648/\" \"Mozilla/5.0 (Windows NT 10.0; Win64; x64) AppleWebKit/537.36 (KHTML, like Gecko) Chrome/144.0.0.0 Safari/537.36\"","service":"sahara-fuel-api","timestamp":"2026-02-16 08:40:56"}
{"level":"info","message":"127.0.0.1 - - [16/Feb/2026:05:40:56 +0000] \"GET /api/fuel/stats/summary HTTP/1.1\" 200 131 \"http://localhost:61648/\" \"Mozilla/5.0 (Windows NT 10.0; Win64; x64) AppleWebKit/537.36 (KHTML, like Gecko) Chrome/144.0.0.0 Safari/537.36\"","service":"sahara-fuel-api","timestamp":"2026-02-16 08:40:56"}
{"level":"info","message":"127.0.0.1 - - [16/Feb/2026:05:44:18 +0000] \"POST /api/auth/login HTTP/1.1\" 200 733 \"http://localhost:61648/\" \"Mozilla/5.0 (Windows NT 10.0; Win64; x64) AppleWebKit/537.36 (KHTML, like Gecko) Chrome/144.0.0.0 Safari/537.36\"","service":"sahara-fuel-api","timestamp":"2026-02-16 08:44:18"}
{"level":"info","message":"127.0.0.1 - - [16/Feb/2026:05:44:18 +0000] \"GET /api/health HTTP/1.1\" 200 134 \"http://localhost:61648/\" \"Mozilla/5.0 (Windows NT 10.0; Win64; x64) AppleWebKit/537.36 (KHTML, like Gecko) Chrome/144.0.0.0 Safari/537.36\"","service":"sahara-fuel-api","timestamp":"2026-02-16 08:44:18"}
{"level":"info","message":"127.0.0.1 - - [16/Feb/2026:05:44:18 +0000] \"GET /api/tanks HTTP/1.1\" 304 - \"http://localhost:61648/\" \"Mozilla/5.0 (Windows NT 10.0; Win64; x64) AppleWebKit/537.36 (KHTML, like Gecko) Chrome/144.0.0.0 Safari/537.36\"","service":"sahara-fuel-api","timestamp":"2026-02-16 08:44:18"}
{"level":"info","message":"127.0.0.1 - - [16/Feb/2026:05:44:18 +0000] \"GET /api/fuel?page=1&limit=100 HTTP/1.1\" 304 - \"http://localhost:61648/\" \"Mozilla/5.0 (Windows NT 10.0; Win64; x64) AppleWebKit/537.36 (KHTML, like Gecko) Chrome/144.0.0.0 Safari/537.36\"","service":"sahara-fuel-api","timestamp":"2026-02-16 08:44:18"}
{"level":"info","message":"127.0.0.1 - - [16/Feb/2026:05:44:18 +0000] \"GET /api/fuel/stats/summary HTTP/1.1\" 304 - \"http://localhost:61648/\" \"Mozilla/5.0 (Windows NT 10.0; Win64; x64) AppleWebKit/537.36 (KHTML, like Gecko) Chrome/144.0.0.0 Safari/537.36\"","service":"sahara-fuel-api","timestamp":"2026-02-16 08:44:18"}
{"level":"info","message":"127.0.0.1 - - [16/Feb/2026:05:45:07 +0000] \"POST /api/auth/login HTTP/1.1\" 200 733 \"http://localhost:51162/\" \"Mozilla/5.0 (Windows NT 10.0; Win64; x64) AppleWebKit/537.36 (KHTML, like Gecko) Chrome/144.0.0.0 Safari/537.36\"","service":"sahara-fuel-api","timestamp":"2026-02-16 08:45:07"}
{"level":"info","message":"127.0.0.1 - - [16/Feb/2026:05:45:07 +0000] \"GET /api/health HTTP/1.1\" 200 134 \"http://localhost:51162/\" \"Mozilla/5.0 (Windows NT 10.0; Win64; x64) AppleWebKit/537.36 (KHTML, like Gecko) Chrome/144.0.0.0 Safari/537.36\"","service":"sahara-fuel-api","timestamp":"2026-02-16 08:45:07"}
{"level":"info","message":"127.0.0.1 - - [16/Feb/2026:05:45:07 +0000] \"GET /api/tanks HTTP/1.1\" 200 2808 \"http://localhost:51162/\" \"Mozilla/5.0 (Windows NT 10.0; Win64; x64) AppleWebKit/537.36 (KHTML, like Gecko) Chrome/144.0.0.0 Safari/537.36\"","service":"sahara-fuel-api","timestamp":"2026-02-16 08:45:07"}
{"level":"info","message":"127.0.0.1 - - [16/Feb/2026:05:45:07 +0000] \"GET /api/fuel?page=1&limit=100 HTTP/1.1\" 200 82 \"http://localhost:51162/\" \"Mozilla/5.0 (Windows NT 10.0; Win64; x64) AppleWebKit/537.36 (KHTML, like Gecko) Chrome/144.0.0.0 Safari/537.36\"","service":"sahara-fuel-api","timestamp":"2026-02-16 08:45:07"}
{"level":"info","message":"127.0.0.1 - - [16/Feb/2026:05:45:07 +0000] \"GET /api/fuel/stats/summary HTTP/1.1\" 200 131 \"http://localhost:51162/\" \"Mozilla/5.0 (Windows NT 10.0; Win64; x64) AppleWebKit/537.36 (KHTML, like Gecko) Chrome/144.0.0.0 Safari/537.36\"","service":"sahara-fuel-api","timestamp":"2026-02-16 08:45:07"}
{"level":"info","message":"127.0.0.1 - - [16/Feb/2026:05:48:19 +0000] \"POST /api/auth/login HTTP/1.1\" 200 733 \"http://localhost:51162/\" \"Mozilla/5.0 (Windows NT 10.0; Win64; x64) AppleWebKit/537.36 (KHTML, like Gecko) Chrome/144.0.0.0 Safari/537.36\"","service":"sahara-fuel-api","timestamp":"2026-02-16 08:48:19"}
{"level":"info","message":"127.0.0.1 - - [16/Feb/2026:05:48:19 +0000] \"GET /api/health HTTP/1.1\" 200 134 \"http://localhost:51162/\" \"Mozilla/5.0 (Windows NT 10.0; Win64; x64) AppleWebKit/537.36 (KHTML, like Gecko) Chrome/144.0.0.0 Safari/537.36\"","service":"sahara-fuel-api","timestamp":"2026-02-16 08:48:19"}
{"level":"info","message":"127.0.0.1 - - [16/Feb/2026:05:48:19 +0000] \"GET /api/tanks HTTP/1.1\" 304 - \"http://localhost:51162/\" \"Mozilla/5.0 (Windows NT 10.0; Win64; x64) AppleWebKit/537.36 (KHTML, like Gecko) Chrome/144.0.0.0 Safari/537.36\"","service":"sahara-fuel-api","timestamp":"2026-02-16 08:48:19"}
{"level":"info","message":"127.0.0.1 - - [16/Feb/2026:05:48:19 +0000] \"GET /api/fuel?page=1&limit=100 HTTP/1.1\" 304 - \"http://localhost:51162/\" \"Mozilla/5.0 (Windows NT 10.0; Win64; x64) AppleWebKit/537.36 (KHTML, like Gecko) Chrome/144.0.0.0 Safari/537.36\"","service":"sahara-fuel-api","timestamp":"2026-02-16 08:48:19"}
{"level":"info","message":"127.0.0.1 - - [16/Feb/2026:05:48:19 +0000] \"GET /api/fuel/stats/summary HTTP/1.1\" 304 - \"http://localhost:51162/\" \"Mozilla/5.0 (Windows NT 10.0; Win64; x64) AppleWebKit/537.36 (KHTML, like Gecko) Chrome/144.0.0.0 Safari/537.36\"","service":"sahara-fuel-api","timestamp":"2026-02-16 08:48:19"}
{"level":"info","message":"127.0.0.1 - - [16/Feb/2026:05:50:43 +0000] \"POST /api/auth/login HTTP/1.1\" 200 733 \"http://localhost:64717/\" \"Mozilla/5.0 (Windows NT 10.0; Win64; x64) AppleWebKit/537.36 (KHTML, like Gecko) Chrome/144.0.0.0 Safari/537.36\"","service":"sahara-fuel-api","timestamp":"2026-02-16 08:50:43"}
{"level":"info","message":"127.0.0.1 - - [16/Feb/2026:05:50:43 +0000] \"GET /api/health HTTP/1.1\" 200 134 \"http://localhost:64717/\" \"Mozilla/5.0 (Windows NT 10.0; Win64; x64) AppleWebKit/537.36 (KHTML, like Gecko) Chrome/144.0.0.0 Safari/537.36\"","service":"sahara-fuel-api","timestamp":"2026-02-16 08:50:43"}
{"level":"info","message":"127.0.0.1 - - [16/Feb/2026:05:50:43 +0000] \"GET /api/tanks HTTP/1.1\" 200 2808 \"http://localhost:64717/\" \"Mozilla/5.0 (Windows NT 10.0; Win64; x64) AppleWebKit/537.36 (KHTML, like Gecko) Chrome/144.0.0.0 Safari/537.36\"","service":"sahara-fuel-api","timestamp":"2026-02-16 08:50:43"}
{"level":"info","message":"127.0.0.1 - - [16/Feb/2026:05:50:43 +0000] \"GET /api/fuel?page=1&limit=100 HTTP/1.1\" 200 82 \"http://localhost:64717/\" \"Mozilla/5.0 (Windows NT 10.0; Win64; x64) AppleWebKit/537.36 (KHTML, like Gecko) Chrome/144.0.0.0 Safari/537.36\"","service":"sahara-fuel-api","timestamp":"2026-02-16 08:50:43"}
{"level":"info","message":"127.0.0.1 - - [16/Feb/2026:05:50:43 +0000] \"GET /api/fuel/stats/summary HTTP/1.1\" 200 131 \"http://localhost:64717/\" \"Mozilla/5.0 (Windows NT 10.0; Win64; x64) AppleWebKit/537.36 (KHTML, like Gecko) Chrome/144.0.0.0 Safari/537.36\"","service":"sahara-fuel-api","timestamp":"2026-02-16 08:50:43"}
{"level":"info","message":"127.0.0.1 - - [16/Feb/2026:05:52:26 +0000] \"POST /api/auth/login HTTP/1.1\" 200 733 \"http://localhost:64717/\" \"Mozilla/5.0 (Windows NT 10.0; Win64; x64) AppleWebKit/537.36 (KHTML, like Gecko) Chrome/144.0.0.0 Safari/537.36\"","service":"sahara-fuel-api","timestamp":"2026-02-16 08:52:26"}
{"level":"info","message":"127.0.0.1 - - [16/Feb/2026:05:52:26 +0000] \"GET /api/health HTTP/1.1\" 200 134 \"http://localhost:64717/\" \"Mozilla/5.0 (Windows NT 10.0; Win64; x64) AppleWebKit/537.36 (KHTML, like Gecko) Chrome/144.0.0.0 Safari/537.36\"","service":"sahara-fuel-api","timestamp":"2026-02-16 08:52:26"}
{"level":"info","message":"127.0.0.1 - - [16/Feb/2026:05:52:26 +0000] \"GET /api/tanks HTTP/1.1\" 304 - \"http://localhost:64717/\" \"Mozilla/5.0 (Windows NT 10.0; Win64; x64) AppleWebKit/537.36 (KHTML, like Gecko) Chrome/144.0.0.0 Safari/537.36\"","service":"sahara-fuel-api","timestamp":"2026-02-16 08:52:26"}
{"level":"info","message":"127.0.0.1 - - [16/Feb/2026:05:52:26 +0000] \"GET /api/fuel?page=1&limit=100 HTTP/1.1\" 304 - \"http://localhost:64717/\" \"Mozilla/5.0 (Windows NT 10.0; Win64; x64) AppleWebKit/537.36 (KHTML, like Gecko) Chrome/144.0.0.0 Safari/537.36\"","service":"sahara-fuel-api","timestamp":"2026-02-16 08:52:26"}
{"level":"info","message":"127.0.0.1 - - [16/Feb/2026:05:52:26 +0000] \"GET /api/fuel/stats/summary HTTP/1.1\" 304 - \"http://localhost:64717/\" \"Mozilla/5.0 (Windows NT 10.0; Win64; x64) AppleWebKit/537.36 (KHTML, like Gecko) Chrome/144.0.0.0 Safari/537.36\"","service":"sahara-fuel-api","timestamp":"2026-02-16 08:52:26"}
{"level":"info","message":"127.0.0.1 - - [16/Feb/2026:05:52:29 +0000] \"GET /api/health HTTP/1.1\" 200 134 \"http://localhost:64717/\" \"Mozilla/5.0 (Windows NT 10.0; Win64; x64) AppleWebKit/537.36 (KHTML, like Gecko) Chrome/144.0.0.0 Safari/537.36\"","service":"sahara-fuel-api","timestamp":"2026-02-16 08:52:29"}
{"level":"info","message":"127.0.0.1 - - [16/Feb/2026:05:52:30 +0000] \"GET /api/tanks HTTP/1.1\" 304 - \"http://localhost:64717/\" \"Mozilla/5.0 (Windows NT 10.0; Win64; x64) AppleWebKit/537.36 (KHTML, like Gecko) Chrome/144.0.0.0 Safari/537.36\"","service":"sahara-fuel-api","timestamp":"2026-02-16 08:52:30"}
{"level":"info","message":"127.0.0.1 - - [16/Feb/2026:05:52:30 +0000] \"GET /api/fuel?page=1&limit=100 HTTP/1.1\" 304 - \"http://localhost:64717/\" \"Mozilla/5.0 (Windows NT 10.0; Win64; x64) AppleWebKit/537.36 (KHTML, like Gecko) Chrome/144.0.0.0 Safari/537.36\"","service":"sahara-fuel-api","timestamp":"2026-02-16 08:52:30"}
{"level":"info","message":"127.0.0.1 - - [16/Feb/2026:05:52:30 +0000] \"GET /api/fuel/stats/summary HTTP/1.1\" 304 - \"http://localhost:64717/\" \"Mozilla/5.0 (Windows NT 10.0; Win64; x64) AppleWebKit/537.36 (KHTML, like Gecko) Chrome/144.0.0.0 Safari/537.36\"","service":"sahara-fuel-api","timestamp":"2026-02-16 08:52:30"}
{"level":"info","message":"127.0.0.1 - - [16/Feb/2026:05:54:18 +0000] \"POST /api/auth/login HTTP/1.1\" 200 733 \"http://localhost:52771/\" \"Mozilla/5.0 (Windows NT 10.0; Win64; x64) AppleWebKit/537.36 (KHTML, like Gecko) Chrome/144.0.0.0 Safari/537.36\"","service":"sahara-fuel-api","timestamp":"2026-02-16 08:54:18"}
{"level":"info","message":"127.0.0.1 - - [16/Feb/2026:05:54:18 +0000] \"GET /api/health HTTP/1.1\" 200 134 \"http://localhost:52771/\" \"Mozilla/5.0 (Windows NT 10.0; Win64; x64) AppleWebKit/537.36 (KHTML, like Gecko) Chrome/144.0.0.0 Safari/537.36\"","service":"sahara-fuel-api","timestamp":"2026-02-16 08:54:18"}
{"level":"info","message":"127.0.0.1 - - [16/Feb/2026:05:54:18 +0000] \"GET /api/tanks HTTP/1.1\" 200 2808 \"http://localhost:52771/\" \"Mozilla/5.0 (Windows NT 10.0; Win64; x64) AppleWebKit/537.36 (KHTML, like Gecko) Chrome/144.0.0.0 Safari/537.36\"","service":"sahara-fuel-api","timestamp":"2026-02-16 08:54:18"}
{"level":"info","message":"127.0.0.1 - - [16/Feb/2026:05:54:18 +0000] \"GET /api/fuel?page=1&limit=100 HTTP/1.1\" 200 82 \"http://localhost:52771/\" \"Mozilla/5.0 (Windows NT 10.0; Win64; x64) AppleWebKit/537.36 (KHTML, like Gecko) Chrome/144.0.0.0 Safari/537.36\"","service":"sahara-fuel-api","timestamp":"2026-02-16 08:54:18"}
{"level":"info","message":"127.0.0.1 - - [16/Feb/2026:05:54:18 +0000] \"GET /api/fuel/stats/summary HTTP/1.1\" 200 131 \"http://localhost:52771/\" \"Mozilla/5.0 (Windows NT 10.0; Win64; x64) AppleWebKit/537.36 (KHTML, like Gecko) Chrome/144.0.0.0 Safari/537.36\"","service":"sahara-fuel-api","timestamp":"2026-02-16 08:54:18"}
{"level":"info","message":"127.0.0.1 - - [16/Feb/2026:05:54:22 +0000] \"GET /api/health HTTP/1.1\" 200 134 \"http://localhost:52771/\" \"Mozilla/5.0 (Windows NT 10.0; Win64; x64) AppleWebKit/537.36 (KHTML, like Gecko) Chrome/144.0.0.0 Safari/537.36\"","service":"sahara-fuel-api","timestamp":"2026-02-16 08:54:22"}
{"level":"info","message":"127.0.0.1 - - [16/Feb/2026:05:54:22 +0000] \"GET /api/tanks HTTP/1.1\" 304 - \"http://localhost:52771/\" \"Mozilla/5.0 (Windows NT 10.0; Win64; x64) AppleWebKit/537.36 (KHTML, like Gecko) Chrome/144.0.0.0 Safari/537.36\"","service":"sahara-fuel-api","timestamp":"2026-02-16 08:54:22"}
{"level":"info","message":"127.0.0.1 - - [16/Feb/2026:05:54:22 +0000] \"GET /api/fuel?page=1&limit=100 HTTP/1.1\" 304 - \"http://localhost:52771/\" \"Mozilla/5.0 (Windows NT 10.0; Win64; x64) AppleWebKit/537.36 (KHTML, like Gecko) Chrome/144.0.0.0 Safari/537.36\"","service":"sahara-fuel-api","timestamp":"2026-02-16 08:54:22"}
{"level":"info","message":"127.0.0.1 - - [16/Feb/2026:05:54:22 +0000] \"GET /api/fuel/stats/summary HTTP/1.1\" 304 - \"http://localhost:52771/\" \"Mozilla/5.0 (Windows NT 10.0; Win64; x64) AppleWebKit/537.36 (KHTML, like Gecko) Chrome/144.0.0.0 Safari/537.36\"","service":"sahara-fuel-api","timestamp":"2026-02-16 08:54:22"}
{"level":"info","message":"PostgreSQL connected at Mon Feb 16 2026 09:39:15 GMT+0300 (Arabian Standard Time)","service":"sahara-fuel-api","timestamp":"2026-02-16 09:39:15"}
{"level":"info","message":"✅ PostgreSQL متصل","service":"sahara-fuel-api","timestamp":"2026-02-16 09:39:15"}
{"level":"warn","message":"⚠️ Redis غير متاح - يعمل بدون cache","service":"sahara-fuel-api","timestamp":"2026-02-16 09:39:15"}
{"level":"info","message":"✅ Redis متصل","service":"sahara-fuel-api","timestamp":"2026-02-16 09:39:15"}
{"level":"info","message":"🚀 Sahara Fuel SaaS API يعمل على المنفذ 3000","service":"sahara-fuel-api","timestamp":"2026-02-16 09:39:15"}
{"level":"info","message":"📍 البيئة: development","service":"sahara-fuel-api","timestamp":"2026-02-16 09:39:15"}
{"level":"info","message":"📖 API Docs: http://localhost:3000/api","service":"sahara-fuel-api","timestamp":"2026-02-16 09:39:15"}
{"level":"info","message":"💚 Health: http://localhost:3000/api/health","service":"sahara-fuel-api","timestamp":"2026-02-16 09:39:15"}
{"level":"info","message":"127.0.0.1 - - [16/Feb/2026:06:39:24 +0000] \"GET /api/health HTTP/1.1\" 200 134 \"-\" \"Mozilla/5.0 (Windows NT 10.0; Win64; x64) AppleWebKit/537.36 (KHTML, like Gecko) Chrome/144.0.0.0 Safari/537.36\"","service":"sahara-fuel-api","timestamp":"2026-02-16 09:39:24"}
{"level":"info","message":"127.0.0.1 - - [16/Feb/2026:06:39:29 +0000] \"POST /api/auth/login HTTP/1.1\" 200 733 \"http://localhost:59300/\" \"Mozilla/5.0 (Windows NT 10.0; Win64; x64) AppleWebKit/537.36 (KHTML, like Gecko) Chrome/144.0.0.0 Safari/537.36\"","service":"sahara-fuel-api","timestamp":"2026-02-16 09:39:29"}
{"level":"info","message":"127.0.0.1 - - [16/Feb/2026:06:39:29 +0000] \"GET /api/health HTTP/1.1\" 200 134 \"http://localhost:59300/\" \"Mozilla/5.0 (Windows NT 10.0; Win64; x64) AppleWebKit/537.36 (KHTML, like Gecko) Chrome/144.0.0.0 Safari/537.36\"","service":"sahara-fuel-api","timestamp":"2026-02-16 09:39:29"}
{"level":"info","message":"127.0.0.1 - - [16/Feb/2026:06:39:29 +0000] \"GET /api/tanks HTTP/1.1\" 200 2808 \"http://localhost:59300/\" \"Mozilla/5.0 (Windows NT 10.0; Win64; x64) AppleWebKit/537.36 (KHTML, like Gecko) Chrome/144.0.0.0 Safari/537.36\"","service":"sahara-fuel-api","timestamp":"2026-02-16 09:39:29"}
{"level":"info","message":"127.0.0.1 - - [16/Feb/2026:06:39:29 +0000] \"GET /api/fuel?page=1&limit=100 HTTP/1.1\" 200 82 \"http://localhost:59300/\" \"Mozilla/5.0 (Windows NT 10.0; Win64; x64) AppleWebKit/537.36 (KHTML, like Gecko) Chrome/144.0.0.0 Safari/537.36\"","service":"sahara-fuel-api","timestamp":"2026-02-16 09:39:29"}
{"level":"info","message":"127.0.0.1 - - [16/Feb/2026:06:39:29 +0000] \"GET /api/fuel/stats/summary HTTP/1.1\" 200 131 \"http://localhost:59300/\" \"Mozilla/5.0 (Windows NT 10.0; Win64; x64) AppleWebKit/537.36 (KHTML, like Gecko) Chrome/144.0.0.0 Safari/537.36\"","service":"sahara-fuel-api","timestamp":"2026-02-16 09:39:29"}
{"level":"info","message":"127.0.0.1 - - [16/Feb/2026:06:39:39 +0000] \"GET /api/health HTTP/1.1\" 200 134 \"http://localhost:59300/\" \"Mozilla/5.0 (Windows NT 10.0; Win64; x64) AppleWebKit/537.36 (KHTML, like Gecko) Chrome/144.0.0.0 Safari/537.36\"","service":"sahara-fuel-api","timestamp":"2026-02-16 09:39:39"}
{"level":"info","message":"127.0.0.1 - - [16/Feb/2026:06:39:39 +0000] \"GET /api/tanks HTTP/1.1\" 304 - \"http://localhost:59300/\" \"Mozilla/5.0 (Windows NT 10.0; Win64; x64) AppleWebKit/537.36 (KHTML, like Gecko) Chrome/144.0.0.0 Safari/537.36\"","service":"sahara-fuel-api","timestamp":"2026-02-16 09:39:39"}
{"level":"info","message":"127.0.0.1 - - [16/Feb/2026:06:39:39 +0000] \"GET /api/health HTTP/1.1\" 200 134 \"http://localhost:59300/\" \"Mozilla/5.0 (Windows NT 10.0; Win64; x64) AppleWebKit/537.36 (KHTML, like Gecko) Chrome/144.0.0.0 Safari/537.36\"","service":"sahara-fuel-api","timestamp":"2026-02-16 09:39:39"}
{"level":"info","message":"127.0.0.1 - - [16/Feb/2026:06:39:50 +0000] \"GET /api/health HTTP/1.1\" 200 134 \"http://localhost:59300/\" \"Mozilla/5.0 (Windows NT 10.0; Win64; x64) AppleWebKit/537.36 (KHTML, like Gecko) Chrome/144.0.0.0 Safari/537.36\"","service":"sahara-fuel-api","timestamp":"2026-02-16 09:39:50"}
{"level":"info","message":"127.0.0.1 - - [16/Feb/2026:06:39:50 +0000] \"GET /api/tanks HTTP/1.1\" 304 - \"http://localhost:59300/\" \"Mozilla/5.0 (Windows NT 10.0; Win64; x64) AppleWebKit/537.36 (KHTML, like Gecko) Chrome/144.0.0.0 Safari/537.36\"","service":"sahara-fuel-api","timestamp":"2026-02-16 09:39:50"}
{"level":"info","message":"127.0.0.1 - - [16/Feb/2026:06:39:50 +0000] \"GET /api/fuel?page=1&limit=100 HTTP/1.1\" 304 - \"http://localhost:59300/\" \"Mozilla/5.0 (Windows NT 10.0; Win64; x64) AppleWebKit/537.36 (KHTML, like Gecko) Chrome/144.0.0.0 Safari/537.36\"","service":"sahara-fuel-api","timestamp":"2026-02-16 09:39:50"}
{"level":"info","message":"127.0.0.1 - - [16/Feb/2026:06:39:50 +0000] \"GET /api/fuel/stats/summary HTTP/1.1\" 304 - \"http://localhost:59300/\" \"Mozilla/5.0 (Windows NT 10.0; Win64; x64) AppleWebKit/537.36 (KHTML, like Gecko) Chrome/144.0.0.0 Safari/537.36\"","service":"sahara-fuel-api","timestamp":"2026-02-16 09:39:50"}
{"level":"info","message":"PostgreSQL connected at Mon Feb 16 2026 11:08:05 GMT+0300 (Arabian Standard Time)","service":"sahara-fuel-api","timestamp":"2026-02-16 11:08:05"}
{"level":"info","message":"✅ PostgreSQL متصل","service":"sahara-fuel-api","timestamp":"2026-02-16 11:08:05"}
{"level":"warn","message":"⚠️ Redis غير متاح - يعمل بدون cache","service":"sahara-fuel-api","timestamp":"2026-02-16 11:08:05"}
{"level":"info","message":"127.0.0.1 - - [16/Feb/2026:08:12:55 +0000] \"POST /api/auth/login HTTP/1.1\" 200 733 \"http://localhost:52541/\" \"Mozilla/5.0 (Windows NT 10.0; Win64; x64) AppleWebKit/537.36 (KHTML, like Gecko) Chrome/144.0.0.0 Safari/537.36\"","service":"sahara-fuel-api","timestamp":"2026-02-16 11:12:55"}
{"level":"info","message":"127.0.0.1 - - [16/Feb/2026:08:12:55 +0000] \"GET /api/health HTTP/1.1\" 200 134 \"http://localhost:52541/\" \"Mozilla/5.0 (Windows NT 10.0; Win64; x64) AppleWebKit/537.36 (KHTML, like Gecko) Chrome/144.0.0.0 Safari/537.36\"","service":"sahara-fuel-api","timestamp":"2026-02-16 11:12:55"}
{"level":"info","message":"127.0.0.1 - - [16/Feb/2026:08:12:55 +0000] \"GET /api/tanks HTTP/1.1\" 200 2808 \"http://localhost:52541/\" \"Mozilla/5.0 (Windows NT 10.0; Win64; x64) AppleWebKit/537.36 (KHTML, like Gecko) Chrome/144.0.0.0 Safari/537.36\"","service":"sahara-fuel-api","timestamp":"2026-02-16 11:12:55"}
{"level":"info","message":"127.0.0.1 - - [16/Feb/2026:08:12:56 +0000] \"GET /api/fuel?page=1&limit=100 HTTP/1.1\" 200 82 \"http://localhost:52541/\" \"Mozilla/5.0 (Windows NT 10.0; Win64; x64) AppleWebKit/537.36 (KHTML, like Gecko) Chrome/144.0.0.0 Safari/537.36\"","service":"sahara-fuel-api","timestamp":"2026-02-16 11:12:56"}
{"level":"info","message":"127.0.0.1 - - [16/Feb/2026:08:12:56 +0000] \"GET /api/fuel/stats/summary HTTP/1.1\" 200 131 \"http://localhost:52541/\" \"Mozilla/5.0 (Windows NT 10.0; Win64; x64) AppleWebKit/537.36 (KHTML, like Gecko) Chrome/144.0.0.0 Safari/537.36\"","service":"sahara-fuel-api","timestamp":"2026-02-16 11:12:56"}
{"level":"info","message":"127.0.0.1 - - [16/Feb/2026:08:20:36 +0000] \"GET /api/health HTTP/1.1\" 200 134 \"http://localhost:52541/\" \"Mozilla/5.0 (Windows NT 10.0; Win64; x64) AppleWebKit/537.36 (KHTML, like Gecko) Chrome/144.0.0.0 Safari/537.36\"","service":"sahara-fuel-api","timestamp":"2026-02-16 11:20:36"}
{"level":"info","message":"127.0.0.1 - - [16/Feb/2026:08:20:37 +0000] \"GET /api/tanks HTTP/1.1\" 304 - \"http://localhost:52541/\" \"Mozilla/5.0 (Windows NT 10.0; Win64; x64) AppleWebKit/537.36 (KHTML, like Gecko) Chrome/144.0.0.0 Safari/537.36\"","service":"sahara-fuel-api","timestamp":"2026-02-16 11:20:37"}
{"level":"info","message":"127.0.0.1 - - [16/Feb/2026:08:20:37 +0000] \"GET /api/fuel?page=1&limit=100 HTTP/1.1\" 304 - \"http://localhost:52541/\" \"Mozilla/5.0 (Windows NT 10.0; Win64; x64) AppleWebKit/537.36 (KHTML, like Gecko) Chrome/144.0.0.0 Safari/537.36\"","service":"sahara-fuel-api","timestamp":"2026-02-16 11:20:37"}
{"level":"info","message":"127.0.0.1 - - [16/Feb/2026:08:20:37 +0000] \"GET /api/fuel/stats/summary HTTP/1.1\" 304 - \"http://localhost:52541/\" \"Mozilla/5.0 (Windows NT 10.0; Win64; x64) AppleWebKit/537.36 (KHTML, like Gecko) Chrome/144.0.0.0 Safari/537.36\"","service":"sahara-fuel-api","timestamp":"2026-02-16 11:20:37"}
{"level":"info","message":"PostgreSQL connected at Mon Feb 16 2026 15:00:38 GMT+0300 (Arabian Standard Time)","service":"sahara-fuel-api","timestamp":"2026-02-16 15:00:38"}
{"level":"info","message":"✅ PostgreSQL متصل","service":"sahara-fuel-api","timestamp":"2026-02-16 15:00:38"}
{"level":"warn","message":"⚠️ Redis غير متاح - يعمل بدون cache","service":"sahara-fuel-api","timestamp":"2026-02-16 15:00:38"}
{"level":"info","message":"✅ Redis متصل","service":"sahara-fuel-api","timestamp":"2026-02-16 15:00:38"}
{"level":"info","message":"🚀 Sahara Fuel SaaS API يعمل على المنفذ 3000","service":"sahara-fuel-api","timestamp":"2026-02-16 15:00:38"}
{"level":"info","message":"📍 البيئة: development","service":"sahara-fuel-api","timestamp":"2026-02-16 15:00:38"}
{"level":"info","message":"📖 API Docs: http://localhost:3000/api","service":"sahara-fuel-api","timestamp":"2026-02-16 15:00:38"}
{"level":"info","message":"💚 Health: http://localhost:3000/api/health","service":"sahara-fuel-api","timestamp":"2026-02-16 15:00:38"}
{"level":"info","message":"PostgreSQL connected at Mon Feb 16 2026 15:04:18 GMT+0300 (Arabian Standard Time)","service":"sahara-fuel-api","timestamp":"2026-02-16 15:04:18"}
{"level":"info","message":"✅ PostgreSQL متصل","service":"sahara-fuel-api","timestamp":"2026-02-16 15:04:18"}
{"level":"warn","message":"⚠️ Redis غير متاح - يعمل بدون cache","service":"sahara-fuel-api","timestamp":"2026-02-16 15:04:18"}
{"level":"info","message":"PostgreSQL connected at Mon Feb 16 2026 15:07:39 GMT+0300 (Arabian Standard Time)","service":"sahara-fuel-api","timestamp":"2026-02-16 15:07:39"}
{"level":"info","message":"✅ PostgreSQL متصل","service":"sahara-fuel-api","timestamp":"2026-02-16 15:07:39"}
{"level":"warn","message":"⚠️ Redis غير متاح - يعمل بدون cache","service":"sahara-fuel-api","timestamp":"2026-02-16 15:07:39"}
{"level":"info","message":"✅ Redis متصل","service":"sahara-fuel-api","timestamp":"2026-02-16 15:07:39"}
{"level":"info","message":"🚀 Sahara Fuel SaaS API يعمل على المنفذ 3000","service":"sahara-fuel-api","timestamp":"2026-02-16 15:07:39"}
{"level":"info","message":"📍 البيئة: development","service":"sahara-fuel-api","timestamp":"2026-02-16 15:07:39"}
{"level":"info","message":"📖 API Docs: http://localhost:3000/api","service":"sahara-fuel-api","timestamp":"2026-02-16 15:07:39"}
{"level":"info","message":"💚 Health: http://localhost:3000/api/health","service":"sahara-fuel-api","timestamp":"2026-02-16 15:07:39"}
{"level":"info","message":"127.0.0.1 - - [16/Feb/2026:12:07:45 +0000] \"GET /api/health HTTP/1.1\" 200 134 \"-\" \"Mozilla/5.0 (Windows NT 10.0; Win64; x64) AppleWebKit/537.36 (KHTML, like Gecko) Chrome/144.0.0.0 Safari/537.36\"","service":"sahara-fuel-api","timestamp":"2026-02-16 15:07:45"}
{"level":"info","message":"127.0.0.1 - - [16/Feb/2026:12:07:45 +0000] \"GET /favicon.ico HTTP/1.1\" 404 94 \"-\" \"Mozilla/5.0 (Windows NT 10.0; Win64; x64) AppleWebKit/537.36 (KHTML, like Gecko) Chrome/144.0.0.0 Safari/537.36\"","service":"sahara-fuel-api","timestamp":"2026-02-16 15:07:45"}
{"level":"info","message":"127.0.0.1 - - [16/Feb/2026:12:08:03 +0000] \"POST /api/auth/login HTTP/1.1\" 200 733 \"http://localhost:56733/\" \"Mozilla/5.0 (Windows NT 10.0; Win64; x64) AppleWebKit/537.36 (KHTML, like Gecko) Chrome/144.0.0.0 Safari/537.36\"","service":"sahara-fuel-api","timestamp":"2026-02-16 15:08:03"}
{"level":"info","message":"127.0.0.1 - - [16/Feb/2026:12:08:03 +0000] \"GET /api/health HTTP/1.1\" 200 134 \"http://localhost:56733/\" \"Mozilla/5.0 (Windows NT 10.0; Win64; x64) AppleWebKit/537.36 (KHTML, like Gecko) Chrome/144.0.0.0 Safari/537.36\"","service":"sahara-fuel-api","timestamp":"2026-02-16 15:08:03"}
{"level":"info","message":"127.0.0.1 - - [16/Feb/2026:12:08:03 +0000] \"GET /api/tanks HTTP/1.1\" 200 2808 \"http://localhost:56733/\" \"Mozilla/5.0 (Windows NT 10.0; Win64; x64) AppleWebKit/537.36 (KHTML, like Gecko) Chrome/144.0.0.0 Safari/537.36\"","service":"sahara-fuel-api","timestamp":"2026-02-16 15:08:03"}
{"level":"info","message":"127.0.0.1 - - [16/Feb/2026:12:08:03 +0000] \"GET /api/fuel?page=1&limit=100 HTTP/1.1\" 200 82 \"http://localhost:56733/\" \"Mozilla/5.0 (Windows NT 10.0; Win64; x64) AppleWebKit/537.36 (KHTML, like Gecko) Chrome/144.0.0.0 Safari/537.36\"","service":"sahara-fuel-api","timestamp":"2026-02-16 15:08:03"}
{"level":"info","message":"127.0.0.1 - - [16/Feb/2026:12:08:03 +0000] \"GET /api/fuel/stats/summary HTTP/1.1\" 200 131 \"http://localhost:56733/\" \"Mozilla/5.0 (Windows NT 10.0; Win64; x64) AppleWebKit/537.36 (KHTML, like Gecko) Chrome/144.0.0.0 Safari/537.36\"","service":"sahara-fuel-api","timestamp":"2026-02-16 15:08:03"}
{"level":"info","message":"127.0.0.1 - - [16/Feb/2026:15:05:42 +0000] \"GET /api/health HTTP/1.1\" 200 134 \"-\" \"Mozilla/5.0 (Windows NT; Windows NT 10.0; en-US) WindowsPowerShell/5.1.26100.7705\"","service":"sahara-fuel-api","timestamp":"2026-02-16 18:05:42"}
{"level":"info","message":"PostgreSQL connected at Mon Feb 16 2026 18:15:30 GMT+0300 (Arabian Standard Time)","service":"sahara-fuel-api","timestamp":"2026-02-16 18:15:30"}
{"level":"info","message":"PostgreSQL connected at Mon Feb 16 2026 18:15:30 GMT+0300 (Arabian Standard Time)","service":"sahara-fuel-api","timestamp":"2026-02-16 18:15:30"}
{"level":"info","message":"✅ PostgreSQL متصل","service":"sahara-fuel-api","timestamp":"2026-02-16 18:15:30"}
{"level":"info","message":"✅ PostgreSQL متصل","service":"sahara-fuel-api","timestamp":"2026-02-16 18:15:30"}
{"level":"warn","message":"⚠️ Redis غير متاح - يعمل بدون cache","service":"sahara-fuel-api","timestamp":"2026-02-16 18:15:30"}
{"level":"warn","message":"⚠️ Redis غير متاح - يعمل بدون cache","service":"sahara-fuel-api","timestamp":"2026-02-16 18:15:30"}
{"level":"info","message":"✅ Redis متصل","service":"sahara-fuel-api","timestamp":"2026-02-16 18:15:30"}
{"level":"info","message":"🚀 Sahara Fuel SaaS API يعمل على المنفذ 3000","service":"sahara-fuel-api","timestamp":"2026-02-16 18:15:30"}
{"level":"info","message":"📍 البيئة: development","service":"sahara-fuel-api","timestamp":"2026-02-16 18:15:30"}
{"level":"info","message":"📖 API Docs: http://localhost:3000/api","service":"sahara-fuel-api","timestamp":"2026-02-16 18:15:30"}
{"level":"info","message":"💚 Health: http://localhost:3000/api/health","service":"sahara-fuel-api","timestamp":"2026-02-16 18:15:30"}
{"level":"info","message":"PostgreSQL connected at Mon Feb 16 2026 21:45:46 GMT+0300 (Arabian Standard Time)","service":"sahara-fuel-api","timestamp":"2026-02-16 21:45:46"}
{"level":"info","message":"✅ PostgreSQL متصل","service":"sahara-fuel-api","timestamp":"2026-02-16 21:45:46"}
{"level":"warn","message":"⚠️ Redis غير متاح - يعمل بدون cache","service":"sahara-fuel-api","timestamp":"2026-02-16 21:45:46"}
{"level":"info","message":"✅ Redis متصل","service":"sahara-fuel-api","timestamp":"2026-02-16 21:45:46"}
{"level":"info","message":"🚀 Sahara Fuel SaaS API يعمل على المنفذ 3000","service":"sahara-fuel-api","timestamp":"2026-02-16 21:45:46"}
{"level":"info","message":"📍 البيئة: development","service":"sahara-fuel-api","timestamp":"2026-02-16 21:45:46"}
{"level":"info","message":"📖 API Docs: http://localhost:3000/api","service":"sahara-fuel-api","timestamp":"2026-02-16 21:45:46"}
{"level":"info","message":"💚 Health: http://localhost:3000/api/health","service":"sahara-fuel-api","timestamp":"2026-02-16 21:45:46"}
{"level":"info","message":"127.0.0.1 - - [16/Feb/2026:18:48:09 +0000] \"POST /api/auth/login HTTP/1.1\" 200 733 \"http://localhost:59491/\" \"Mozilla/5.0 (Windows NT 10.0; Win64; x64) AppleWebKit/537.36 (KHTML, like Gecko) Chrome/144.0.0.0 Safari/537.36\"","service":"sahara-fuel-api","timestamp":"2026-02-16 21:48:09"}
{"level":"info","message":"127.0.0.1 - - [16/Feb/2026:18:48:09 +0000] \"GET /api/health HTTP/1.1\" 200 134 \"http://localhost:59491/\" \"Mozilla/5.0 (Windows NT 10.0; Win64; x64) AppleWebKit/537.36 (KHTML, like Gecko) Chrome/144.0.0.0 Safari/537.36\"","service":"sahara-fuel-api","timestamp":"2026-02-16 21:48:09"}
{"level":"info","message":"127.0.0.1 - - [16/Feb/2026:18:48:09 +0000] \"GET /api/tanks HTTP/1.1\" 200 2808 \"http://localhost:59491/\" \"Mozilla/5.0 (Windows NT 10.0; Win64; x64) AppleWebKit/537.36 (KHTML, like Gecko) Chrome/144.0.0.0 Safari/537.36\"","service":"sahara-fuel-api","timestamp":"2026-02-16 21:48:09"}
{"level":"info","message":"127.0.0.1 - - [16/Feb/2026:18:48:09 +0000] \"GET /api/fuel?page=1&limit=100 HTTP/1.1\" 200 82 \"http://localhost:59491/\" \"Mozilla/5.0 (Windows NT 10.0; Win64; x64) AppleWebKit/537.36 (KHTML, like Gecko) Chrome/144.0.0.0 Safari/537.36\"","service":"sahara-fuel-api","timestamp":"2026-02-16 21:48:09"}
{"level":"info","message":"127.0.0.1 - - [16/Feb/2026:18:48:09 +0000] \"GET /api/fuel/stats/summary HTTP/1.1\" 200 131 \"http://localhost:59491/\" \"Mozilla/5.0 (Windows NT 10.0; Win64; x64) AppleWebKit/537.36 (KHTML, like Gecko) Chrome/144.0.0.0 Safari/537.36\"","service":"sahara-fuel-api","timestamp":"2026-02-16 21:48:09"}
{"level":"info","message":"127.0.0.1 - - [16/Feb/2026:18:48:30 +0000] \"POST /api/auth/login HTTP/1.1\" 200 740 \"http://localhost:59491/\" \"Mozilla/5.0 (Windows NT 10.0; Win64; x64) AppleWebKit/537.36 (KHTML, like Gecko) Chrome/144.0.0.0 Safari/537.36\"","service":"sahara-fuel-api","timestamp":"2026-02-16 21:48:30"}
{"level":"info","message":"127.0.0.1 - - [16/Feb/2026:18:48:30 +0000] \"GET /api/health HTTP/1.1\" 200 134 \"http://localhost:59491/\" \"Mozilla/5.0 (Windows NT 10.0; Win64; x64) AppleWebKit/537.36 (KHTML, like Gecko) Chrome/144.0.0.0 Safari/537.36\"","service":"sahara-fuel-api","timestamp":"2026-02-16 21:48:30"}
{"level":"info","message":"127.0.0.1 - - [16/Feb/2026:18:48:30 +0000] \"GET /api/tanks HTTP/1.1\" 304 - \"http://localhost:59491/\" \"Mozilla/5.0 (Windows NT 10.0; Win64; x64) AppleWebKit/537.36 (KHTML, like Gecko) Chrome/144.0.0.0 Safari/537.36\"","service":"sahara-fuel-api","timestamp":"2026-02-16 21:48:30"}
{"level":"info","message":"127.0.0.1 - - [16/Feb/2026:18:48:30 +0000] \"GET /api/fuel?page=1&limit=100 HTTP/1.1\" 304 - \"http://localhost:59491/\" \"Mozilla/5.0 (Windows NT 10.0; Win64; x64) AppleWebKit/537.36 (KHTML, like Gecko) Chrome/144.0.0.0 Safari/537.36\"","service":"sahara-fuel-api","timestamp":"2026-02-16 21:48:30"}
{"level":"info","message":"127.0.0.1 - - [16/Feb/2026:18:48:30 +0000] \"GET /api/fuel/stats/summary HTTP/1.1\" 304 - \"http://localhost:59491/\" \"Mozilla/5.0 (Windows NT 10.0; Win64; x64) AppleWebKit/537.36 (KHTML, like Gecko) Chrome/144.0.0.0 Safari/537.36\"","service":"sahara-fuel-api","timestamp":"2026-02-16 21:48:30"}
{"level":"info","message":"127.0.0.1 - - [16/Feb/2026:18:53:43 +0000] \"POST /api/auth/login HTTP/1.1\" 200 733 \"http://localhost:59491/\" \"Mozilla/5.0 (Windows NT 10.0; Win64; x64) AppleWebKit/537.36 (KHTML, like Gecko) Chrome/144.0.0.0 Safari/537.36\"","service":"sahara-fuel-api","timestamp":"2026-02-16 21:53:43"}
{"level":"info","message":"127.0.0.1 - - [16/Feb/2026:18:53:43 +0000] \"GET /api/health HTTP/1.1\" 200 134 \"http://localhost:59491/\" \"Mozilla/5.0 (Windows NT 10.0; Win64; x64) AppleWebKit/537.36 (KHTML, like Gecko) Chrome/144.0.0.0 Safari/537.36\"","service":"sahara-fuel-api","timestamp":"2026-02-16 21:53:43"}
{"level":"info","message":"127.0.0.1 - - [16/Feb/2026:18:53:44 +0000] \"GET /api/tanks HTTP/1.1\" 304 - \"http://localhost:59491/\" \"Mozilla/5.0 (Windows NT 10.0; Win64; x64) AppleWebKit/537.36 (KHTML, like Gecko) Chrome/144.0.0.0 Safari/537.36\"","service":"sahara-fuel-api","timestamp":"2026-02-16 21:53:44"}
{"level":"info","message":"127.0.0.1 - - [16/Feb/2026:18:53:44 +0000] \"GET /api/fuel?page=1&limit=100 HTTP/1.1\" 304 - \"http://localhost:59491/\" \"Mozilla/5.0 (Windows NT 10.0; Win64; x64) AppleWebKit/537.36 (KHTML, like Gecko) Chrome/144.0.0.0 Safari/537.36\"","service":"sahara-fuel-api","timestamp":"2026-02-16 21:53:44"}
{"level":"info","message":"127.0.0.1 - - [16/Feb/2026:18:53:44 +0000] \"GET /api/fuel/stats/summary HTTP/1.1\" 304 - \"http://localhost:59491/\" \"Mozilla/5.0 (Windows NT 10.0; Win64; x64) AppleWebKit/537.36 (KHTML, like Gecko) Chrome/144.0.0.0 Safari/537.36\"","service":"sahara-fuel-api","timestamp":"2026-02-16 21:53:44"}
{"level":"info","message":"127.0.0.1 - - [16/Feb/2026:18:55:52 +0000] \"POST /api/auth/login HTTP/1.1\" 200 733 \"http://localhost:55851/\" \"Mozilla/5.0 (Windows NT 10.0; Win64; x64) AppleWebKit/537.36 (KHTML, like Gecko) Chrome/144.0.0.0 Safari/537.36\"","service":"sahara-fuel-api","timestamp":"2026-02-16 21:55:52"}
{"level":"info","message":"127.0.0.1 - - [16/Feb/2026:18:55:52 +0000] \"GET /api/health HTTP/1.1\" 200 134 \"http://localhost:55851/\" \"Mozilla/5.0 (Windows NT 10.0; Win64; x64) AppleWebKit/537.36 (KHTML, like Gecko) Chrome/144.0.0.0 Safari/537.36\"","service":"sahara-fuel-api","timestamp":"2026-02-16 21:55:52"}
{"level":"info","message":"127.0.0.1 - - [16/Feb/2026:18:55:52 +0000] \"GET /api/tanks HTTP/1.1\" 200 2808 \"http://localhost:55851/\" \"Mozilla/5.0 (Windows NT 10.0; Win64; x64) AppleWebKit/537.36 (KHTML, like Gecko) Chrome/144.0.0.0 Safari/537.36\"","service":"sahara-fuel-api","timestamp":"2026-02-16 21:55:52"}
{"level":"info","message":"127.0.0.1 - - [16/Feb/2026:18:55:52 +0000] \"GET /api/fuel?page=1&limit=100 HTTP/1.1\" 200 82 \"http://localhost:55851/\" \"Mozilla/5.0 (Windows NT 10.0; Win64; x64) AppleWebKit/537.36 (KHTML, like Gecko) Chrome/144.0.0.0 Safari/537.36\"","service":"sahara-fuel-api","timestamp":"2026-02-16 21:55:52"}
{"level":"info","message":"127.0.0.1 - - [16/Feb/2026:18:55:52 +0000] \"GET /api/fuel/stats/summary HTTP/1.1\" 200 131 \"http://localhost:55851/\" \"Mozilla/5.0 (Windows NT 10.0; Win64; x64) AppleWebKit/537.36 (KHTML, like Gecko) Chrome/144.0.0.0 Safari/537.36\"","service":"sahara-fuel-api","timestamp":"2026-02-16 21:55:52"}
{"level":"info","message":"PostgreSQL connected at Tue Feb 17 2026 08:04:27 GMT+0300 (Arabian Standard Time)","service":"sahara-fuel-api","timestamp":"2026-02-17 08:04:27"}
{"level":"info","message":"✅ PostgreSQL متصل","service":"sahara-fuel-api","timestamp":"2026-02-17 08:04:27"}
{"level":"warn","message":"⚠️ Redis غير متاح - يعمل بدون cache","service":"sahara-fuel-api","timestamp":"2026-02-17 08:04:27"}
{"level":"info","message":"✅ Redis متصل","service":"sahara-fuel-api","timestamp":"2026-02-17 08:04:27"}
{"level":"info","message":"🚀 Sahara Fuel SaaS API يعمل على المنفذ 3000","service":"sahara-fuel-api","timestamp":"2026-02-17 08:04:27"}
{"level":"info","message":"📍 البيئة: development","service":"sahara-fuel-api","timestamp":"2026-02-17 08:04:27"}
{"level":"info","message":"📖 API Docs: http://localhost:3000/api","service":"sahara-fuel-api","timestamp":"2026-02-17 08:04:27"}
{"level":"info","message":"💚 Health: http://localhost:3000/api/health","service":"sahara-fuel-api","timestamp":"2026-02-17 08:04:27"}
{"level":"warn","message":"Slow query (1198ms): INSERT INTO audit_logs (user_id, action, resource, resource_id, details, ip_address, tenant_id, crea","service":"sahara-fuel-api","timestamp":"2026-02-17 08:05:50"}
{"level":"info","message":"127.0.0.1 - - [17/Feb/2026:05:05:50 +0000] \"POST /api/auth/login HTTP/1.1\" 200 733 \"http://localhost:55079/\" \"Mozilla/5.0 (Windows NT 10.0; Win64; x64) AppleWebKit/537.36 (KHTML, like Gecko) Chrome/144.0.0.0 Safari/537.36\"","service":"sahara-fuel-api","timestamp":"2026-02-17 08:05:50"}
{"level":"info","message":"127.0.0.1 - - [17/Feb/2026:05:05:50 +0000] \"GET /api/health HTTP/1.1\" 200 134 \"http://localhost:55079/\" \"Mozilla/5.0 (Windows NT 10.0; Win64; x64) AppleWebKit/537.36 (KHTML, like Gecko) Chrome/144.0.0.0 Safari/537.36\"","service":"sahara-fuel-api","timestamp":"2026-02-17 08:05:50"}
{"level":"info","message":"127.0.0.1 - - [17/Feb/2026:05:05:51 +0000] \"GET /api/tanks HTTP/1.1\" 200 2808 \"http://localhost:55079/\" \"Mozilla/5.0 (Windows NT 10.0; Win64; x64) AppleWebKit/537.36 (KHTML, like Gecko) Chrome/144.0.0.0 Safari/537.36\"","service":"sahara-fuel-api","timestamp":"2026-02-17 08:05:51"}
{"level":"info","message":"127.0.0.1 - - [17/Feb/2026:05:05:51 +0000] \"GET /api/fuel?page=1&limit=100 HTTP/1.1\" 200 82 \"http://localhost:55079/\" \"Mozilla/5.0 (Windows NT 10.0; Win64; x64) AppleWebKit/537.36 (KHTML, like Gecko) Chrome/144.0.0.0 Safari/537.36\"","service":"sahara-fuel-api","timestamp":"2026-02-17 08:05:51"}
{"level":"info","message":"127.0.0.1 - - [17/Feb/2026:05:05:51 +0000] \"GET /api/fuel/stats/summary HTTP/1.1\" 200 131 \"http://localhost:55079/\" \"Mozilla/5.0 (Windows NT 10.0; Win64; x64) AppleWebKit/537.36 (KHTML, like Gecko) Chrome/144.0.0.0 Safari/537.36\"","service":"sahara-fuel-api","timestamp":"2026-02-17 08:05:51"}
{"level":"info","message":"127.0.0.1 - - [17/Feb/2026:05:13:09 +0000] \"POST /api/auth/login HTTP/1.1\" 200 733 \"http://localhost:55079/\" \"Mozilla/5.0 (Windows NT 10.0; Win64; x64) AppleWebKit/537.36 (KHTML, like Gecko) Chrome/144.0.0.0 Safari/537.36\"","service":"sahara-fuel-api","timestamp":"2026-02-17 08:13:09"}
{"level":"info","message":"127.0.0.1 - - [17/Feb/2026:05:13:09 +0000] \"GET /api/health HTTP/1.1\" 200 134 \"http://localhost:55079/\" \"Mozilla/5.0 (Windows NT 10.0; Win64; x64) AppleWebKit/537.36 (KHTML, like Gecko) Chrome/144.0.0.0 Safari/537.36\"","service":"sahara-fuel-api","timestamp":"2026-02-17 08:13:09"}
{"level":"info","message":"127.0.0.1 - - [17/Feb/2026:05:13:09 +0000] \"GET /api/tanks HTTP/1.1\" 304 - \"http://localhost:55079/\" \"Mozilla/5.0 (Windows NT 10.0; Win64; x64) AppleWebKit/537.36 (KHTML, like Gecko) Chrome/144.0.0.0 Safari/537.36\"","service":"sahara-fuel-api","timestamp":"2026-02-17 08:13:09"}
{"level":"info","message":"127.0.0.1 - - [17/Feb/2026:05:13:09 +0000] \"GET /api/fuel?page=1&limit=100 HTTP/1.1\" 304 - \"http://localhost:55079/\" \"Mozilla/5.0 (Windows NT 10.0; Win64; x64) AppleWebKit/537.36 (KHTML, like Gecko) Chrome/144.0.0.0 Safari/537.36\"","service":"sahara-fuel-api","timestamp":"2026-02-17 08:13:09"}
{"level":"info","message":"127.0.0.1 - - [17/Feb/2026:05:13:10 +0000] \"GET /api/fuel/stats/summary HTTP/1.1\" 304 - \"http://localhost:55079/\" \"Mozilla/5.0 (Windows NT 10.0; Win64; x64) AppleWebKit/537.36 (KHTML, like Gecko) Chrome/144.0.0.0 Safari/537.36\"","service":"sahara-fuel-api","timestamp":"2026-02-17 08:13:10"}
{"level":"info","message":"127.0.0.1 - - [17/Feb/2026:05:46:13 +0000] \"POST /api/auth/login HTTP/1.1\" 200 733 \"http://localhost:53806/\" \"Mozilla/5.0 (Windows NT 10.0; Win64; x64) AppleWebKit/537.36 (KHTML, like Gecko) Chrome/144.0.0.0 Safari/537.36\"","service":"sahara-fuel-api","timestamp":"2026-02-17 08:46:13"}
{"level":"info","message":"127.0.0.1 - - [17/Feb/2026:05:46:13 +0000] \"GET /api/health HTTP/1.1\" 200 134 \"http://localhost:53806/\" \"Mozilla/5.0 (Windows NT 10.0; Win64; x64) AppleWebKit/537.36 (KHTML, like Gecko) Chrome/144.0.0.0 Safari/537.36\"","service":"sahara-fuel-api","timestamp":"2026-02-17 08:46:13"}
{"level":"info","message":"127.0.0.1 - - [17/Feb/2026:05:46:13 +0000] \"GET /api/tanks HTTP/1.1\" 200 2808 \"http://localhost:53806/\" \"Mozilla/5.0 (Windows NT 10.0; Win64; x64) AppleWebKit/537.36 (KHTML, like Gecko) Chrome/144.0.0.0 Safari/537.36\"","service":"sahara-fuel-api","timestamp":"2026-02-17 08:46:13"}
{"level":"info","message":"127.0.0.1 - - [17/Feb/2026:05:46:13 +0000] \"GET /api/fuel?page=1&limit=100 HTTP/1.1\" 200 82 \"http://localhost:53806/\" \"Mozilla/5.0 (Windows NT 10.0; Win64; x64) AppleWebKit/537.36 (KHTML, like Gecko) Chrome/144.0.0.0 Safari/537.36\"","service":"sahara-fuel-api","timestamp":"2026-02-17 08:46:13"}
{"level":"info","message":"127.0.0.1 - - [17/Feb/2026:05:46:13 +0000] \"GET /api/fuel/stats/summary HTTP/1.1\" 200 131 \"http://localhost:53806/\" \"Mozilla/5.0 (Windows NT 10.0; Win64; x64) AppleWebKit/537.36 (KHTML, like Gecko) Chrome/144.0.0.0 Safari/537.36\"","service":"sahara-fuel-api","timestamp":"2026-02-17 08:46:13"}
{"level":"info","message":"PostgreSQL connected at Tue Feb 17 2026 10:55:55 GMT+0300 (Arabian Standard Time)","service":"sahara-fuel-api","timestamp":"2026-02-17 10:55:55"}
{"level":"info","message":"✅ PostgreSQL متصل","service":"sahara-fuel-api","timestamp":"2026-02-17 10:55:55"}
{"level":"warn","message":"⚠️ Redis غير متاح - يعمل بدون cache","service":"sahara-fuel-api","timestamp":"2026-02-17 10:55:55"}
{"level":"info","message":"✅ Redis متصل","service":"sahara-fuel-api","timestamp":"2026-02-17 10:55:55"}
{"level":"info","message":"🚀 Sahara Fuel SaaS API يعمل على المنفذ 3000","service":"sahara-fuel-api","timestamp":"2026-02-17 10:55:55"}
{"level":"info","message":"📍 البيئة: development","service":"sahara-fuel-api","timestamp":"2026-02-17 10:55:55"}
{"level":"info","message":"📖 API Docs: http://localhost:3000/api","service":"sahara-fuel-api","timestamp":"2026-02-17 10:55:55"}
{"level":"info","message":"💚 Health: http://localhost:3000/api/health","service":"sahara-fuel-api","timestamp":"2026-02-17 10:55:55"}
{"level":"info","message":"127.0.0.1 - - [17/Feb/2026:07:55:57 +0000] \"POST /api/auth/login HTTP/1.1\" 200 733 \"http://localhost:64968/\" \"Mozilla/5.0 (Windows NT 10.0; Win64; x64) AppleWebKit/537.36 (KHTML, like Gecko) Chrome/144.0.0.0 Safari/537.36\"","service":"sahara-fuel-api","timestamp":"2026-02-17 10:55:57"}
{"level":"info","message":"127.0.0.1 - - [17/Feb/2026:07:55:57 +0000] \"GET /api/health HTTP/1.1\" 200 134 \"http://localhost:64968/\" \"Mozilla/5.0 (Windows NT 10.0; Win64; x64) AppleWebKit/537.36 (KHTML, like Gecko) Chrome/144.0.0.0 Safari/537.36\"","service":"sahara-fuel-api","timestamp":"2026-02-17 10:55:57"}
{"level":"info","message":"127.0.0.1 - - [17/Feb/2026:07:55:57 +0000] \"GET /api/tanks HTTP/1.1\" 200 2808 \"http://localhost:64968/\" \"Mozilla/5.0 (Windows NT 10.0; Win64; x64) AppleWebKit/537.36 (KHTML, like Gecko) Chrome/144.0.0.0 Safari/537.36\"","service":"sahara-fuel-api","timestamp":"2026-02-17 10:55:57"}
{"level":"info","message":"127.0.0.1 - - [17/Feb/2026:07:55:57 +0000] \"GET /api/fuel?page=1&limit=100 HTTP/1.1\" 200 82 \"http://localhost:64968/\" \"Mozilla/5.0 (Windows NT 10.0; Win64; x64) AppleWebKit/537.36 (KHTML, like Gecko) Chrome/144.0.0.0 Safari/537.36\"","service":"sahara-fuel-api","timestamp":"2026-02-17 10:55:57"}
{"level":"info","message":"127.0.0.1 - - [17/Feb/2026:07:55:57 +0000] \"GET /api/fuel/stats/summary HTTP/1.1\" 200 131 \"http://localhost:64968/\" \"Mozilla/5.0 (Windows NT 10.0; Win64; x64) AppleWebKit/537.36 (KHTML, like Gecko) Chrome/144.0.0.0 Safari/537.36\"","service":"sahara-fuel-api","timestamp":"2026-02-17 10:55:57"}
{"level":"info","message":"127.0.0.1 - - [17/Feb/2026:07:56:41 +0000] \"GET /api/health HTTP/1.1\" 200 134 \"http://localhost:64968/\" \"Mozilla/5.0 (Windows NT 10.0; Win64; x64) AppleWebKit/537.36 (KHTML, like Gecko) Chrome/144.0.0.0 Safari/537.36\"","service":"sahara-fuel-api","timestamp":"2026-02-17 10:56:41"}
{"level":"info","message":"127.0.0.1 - - [17/Feb/2026:07:56:41 +0000] \"GET /api/tanks HTTP/1.1\" 304 - \"http://localhost:64968/\" \"Mozilla/5.0 (Windows NT 10.0; Win64; x64) AppleWebKit/537.36 (KHTML, like Gecko) Chrome/144.0.0.0 Safari/537.36\"","service":"sahara-fuel-api","timestamp":"2026-02-17 10:56:41"}
{"level":"info","message":"127.0.0.1 - - [17/Feb/2026:07:56:41 +0000] \"GET /api/health HTTP/1.1\" 200 134 \"http://localhost:64968/\" \"Mozilla/5.0 (Windows NT 10.0; Win64; x64) AppleWebKit/537.36 (KHTML, like Gecko) Chrome/144.0.0.0 Safari/537.36\"","service":"sahara-fuel-api","timestamp":"2026-02-17 10:56:41"}
{"level":"info","message":"127.0.0.1 - - [17/Feb/2026:07:58:30 +0000] \"GET /api/health HTTP/1.1\" 200 134 \"http://localhost:64968/\" \"Mozilla/5.0 (Windows NT 10.0; Win64; x64) AppleWebKit/537.36 (KHTML, like Gecko) Chrome/144.0.0.0 Safari/537.36\"","service":"sahara-fuel-api","timestamp":"2026-02-17 10:58:30"}
{"level":"info","message":"127.0.0.1 - - [17/Feb/2026:07:58:30 +0000] \"GET /api/tanks HTTP/1.1\" 304 - \"http://localhost:64968/\" \"Mozilla/5.0 (Windows NT 10.0; Win64; x64) AppleWebKit/537.36 (KHTML, like Gecko) Chrome/144.0.0.0 Safari/537.36\"","service":"sahara-fuel-api","timestamp":"2026-02-17 10:58:30"}
{"level":"info","message":"127.0.0.1 - - [17/Feb/2026:07:58:30 +0000] \"GET /api/fuel?page=1&limit=100 HTTP/1.1\" 304 - \"http://localhost:64968/\" \"Mozilla/5.0 (Windows NT 10.0; Win64; x64) AppleWebKit/537.36 (KHTML, like Gecko) Chrome/144.0.0.0 Safari/537.36\"","service":"sahara-fuel-api","timestamp":"2026-02-17 10:58:30"}
{"level":"info","message":"127.0.0.1 - - [17/Feb/2026:07:58:30 +0000] \"GET /api/fuel/stats/summary HTTP/1.1\" 304 - \"http://localhost:64968/\" \"Mozilla/5.0 (Windows NT 10.0; Win64; x64) AppleWebKit/537.36 (KHTML, like Gecko) Chrome/144.0.0.0 Safari/537.36\"","service":"sahara-fuel-api","timestamp":"2026-02-17 10:58:30"}
{"level":"info","message":"127.0.0.1 - - [17/Feb/2026:08:29:54 +0000] \"POST /api/auth/login HTTP/1.1\" 200 733 \"http://localhost:54077/\" \"Mozilla/5.0 (Windows NT 10.0; Win64; x64) AppleWebKit/537.36 (KHTML, like Gecko) Chrome/144.0.0.0 Safari/537.36\"","service":"sahara-fuel-api","timestamp":"2026-02-17 11:29:54"}
{"level":"info","message":"127.0.0.1 - - [17/Feb/2026:08:29:54 +0000] \"GET /api/health HTTP/1.1\" 200 134 \"http://localhost:54077/\" \"Mozilla/5.0 (Windows NT 10.0; Win64; x64) AppleWebKit/537.36 (KHTML, like Gecko) Chrome/144.0.0.0 Safari/537.36\"","service":"sahara-fuel-api","timestamp":"2026-02-17 11:29:54"}
{"level":"info","message":"127.0.0.1 - - [17/Feb/2026:08:29:54 +0000] \"GET /api/tanks HTTP/1.1\" 200 2808 \"http://localhost:54077/\" \"Mozilla/5.0 (Windows NT 10.0; Win64; x64) AppleWebKit/537.36 (KHTML, like Gecko) Chrome/144.0.0.0 Safari/537.36\"","service":"sahara-fuel-api","timestamp":"2026-02-17 11:29:54"}
{"level":"info","message":"127.0.0.1 - - [17/Feb/2026:08:29:54 +0000] \"GET /api/fuel?page=1&limit=100 HTTP/1.1\" 200 82 \"http://localhost:54077/\" \"Mozilla/5.0 (Windows NT 10.0; Win64; x64) AppleWebKit/537.36 (KHTML, like Gecko) Chrome/144.0.0.0 Safari/537.36\"","service":"sahara-fuel-api","timestamp":"2026-02-17 11:29:54"}
{"level":"info","message":"127.0.0.1 - - [17/Feb/2026:08:29:54 +0000] \"GET /api/fuel/stats/summary HTTP/1.1\" 200 131 \"http://localhost:54077/\" \"Mozilla/5.0 (Windows NT 10.0; Win64; x64) AppleWebKit/537.36 (KHTML, like Gecko) Chrome/144.0.0.0 Safari/537.36\"","service":"sahara-fuel-api","timestamp":"2026-02-17 11:29:54"}
{"level":"info","message":"127.0.0.1 - - [17/Feb/2026:08:42:44 +0000] \"POST /api/auth/login HTTP/1.1\" 200 733 \"http://localhost:57485/\" \"Mozilla/5.0 (Windows NT 10.0; Win64; x64) AppleWebKit/537.36 (KHTML, like Gecko) Chrome/144.0.0.0 Safari/537.36\"","service":"sahara-fuel-api","timestamp":"2026-02-17 11:42:44"}
{"level":"info","message":"127.0.0.1 - - [17/Feb/2026:08:42:44 +0000] \"GET /api/health HTTP/1.1\" 200 134 \"http://localhost:57485/\" \"Mozilla/5.0 (Windows NT 10.0; Win64; x64) AppleWebKit/537.36 (KHTML, like Gecko) Chrome/144.0.0.0 Safari/537.36\"","service":"sahara-fuel-api","timestamp":"2026-02-17 11:42:44"}
{"level":"info","message":"127.0.0.1 - - [17/Feb/2026:08:42:44 +0000] \"GET /api/tanks HTTP/1.1\" 200 2808 \"http://localhost:57485/\" \"Mozilla/5.0 (Windows NT 10.0; Win64; x64) AppleWebKit/537.36 (KHTML, like Gecko) Chrome/144.0.0.0 Safari/537.36\"","service":"sahara-fuel-api","timestamp":"2026-02-17 11:42:44"}
{"level":"info","message":"127.0.0.1 - - [17/Feb/2026:08:42:44 +0000] \"GET /api/fuel?page=1&limit=100 HTTP/1.1\" 200 82 \"http://localhost:57485/\" \"Mozilla/5.0 (Windows NT 10.0; Win64; x64) AppleWebKit/537.36 (KHTML, like Gecko) Chrome/144.0.0.0 Safari/537.36\"","service":"sahara-fuel-api","timestamp":"2026-02-17 11:42:44"}
{"level":"info","message":"127.0.0.1 - - [17/Feb/2026:08:42:44 +0000] \"GET /api/fuel/stats/summary HTTP/1.1\" 200 131 \"http://localhost:57485/\" \"Mozilla/5.0 (Windows NT 10.0; Win64; x64) AppleWebKit/537.36 (KHTML, like Gecko) Chrome/144.0.0.0 Safari/537.36\"","service":"sahara-fuel-api","timestamp":"2026-02-17 11:42:44"}
{"level":"info","message":"127.0.0.1 - - [17/Feb/2026:08:44:37 +0000] \"GET /api/health HTTP/1.1\" 200 134 \"http://localhost:57485/\" \"Mozilla/5.0 (Windows NT 10.0; Win64; x64) AppleWebKit/537.36 (KHTML, like Gecko) Chrome/144.0.0.0 Safari/537.36\"","service":"sahara-fuel-api","timestamp":"2026-02-17 11:44:37"}
{"level":"info","message":"127.0.0.1 - - [17/Feb/2026:08:44:38 +0000] \"GET /api/tanks HTTP/1.1\" 304 - \"http://localhost:57485/\" \"Mozilla/5.0 (Windows NT 10.0; Win64; x64) AppleWebKit/537.36 (KHTML, like Gecko) Chrome/144.0.0.0 Safari/537.36\"","service":"sahara-fuel-api","timestamp":"2026-02-17 11:44:38"}
{"level":"info","message":"127.0.0.1 - - [17/Feb/2026:08:44:38 +0000] \"GET /api/fuel?page=1&limit=100 HTTP/1.1\" 304 - \"http://localhost:57485/\" \"Mozilla/5.0 (Windows NT 10.0; Win64; x64) AppleWebKit/537.36 (KHTML, like Gecko) Chrome/144.0.0.0 Safari/537.36\"","service":"sahara-fuel-api","timestamp":"2026-02-17 11:44:38"}
{"level":"info","message":"127.0.0.1 - - [17/Feb/2026:08:44:38 +0000] \"GET /api/fuel/stats/summary HTTP/1.1\" 304 - \"http://localhost:57485/\" \"Mozilla/5.0 (Windows NT 10.0; Win64; x64) AppleWebKit/537.36 (KHTML, like Gecko) Chrome/144.0.0.0 Safari/537.36\"","service":"sahara-fuel-api","timestamp":"2026-02-17 11:44:38"}
{"level":"info","message":"127.0.0.1 - - [17/Feb/2026:08:46:01 +0000] \"GET /api/health HTTP/1.1\" 200 134 \"http://localhost:57485/\" \"Mozilla/5.0 (Windows NT 10.0; Win64; x64) AppleWebKit/537.36 (KHTML, like Gecko) Chrome/144.0.0.0 Safari/537.36\"","service":"sahara-fuel-api","timestamp":"2026-02-17 11:46:01"}
{"level":"info","message":"127.0.0.1 - - [17/Feb/2026:08:46:02 +0000] \"GET /api/tanks HTTP/1.1\" 304 - \"http://localhost:57485/\" \"Mozilla/5.0 (Windows NT 10.0; Win64; x64) AppleWebKit/537.36 (KHTML, like Gecko) Chrome/144.0.0.0 Safari/537.36\"","service":"sahara-fuel-api","timestamp":"2026-02-17 11:46:02"}
{"level":"info","message":"127.0.0.1 - - [17/Feb/2026:08:46:02 +0000] \"GET /api/health HTTP/1.1\" 200 134 \"http://localhost:57485/\" \"Mozilla/5.0 (Windows NT 10.0; Win64; x64) AppleWebKit/537.36 (KHTML, like Gecko) Chrome/144.0.0.0 Safari/537.36\"","service":"sahara-fuel-api","timestamp":"2026-02-17 11:46:02"}
{"level":"info","message":"127.0.0.1 - - [17/Feb/2026:08:46:07 +0000] \"GET /api/health HTTP/1.1\" 200 134 \"http://localhost:57485/\" \"Mozilla/5.0 (Windows NT 10.0; Win64; x64) AppleWebKit/537.36 (KHTML, like Gecko) Chrome/144.0.0.0 Safari/537.36\"","service":"sahara-fuel-api","timestamp":"2026-02-17 11:46:07"}
{"level":"info","message":"127.0.0.1 - - [17/Feb/2026:08:46:07 +0000] \"GET /api/tanks HTTP/1.1\" 304 - \"http://localhost:57485/\" \"Mozilla/5.0 (Windows NT 10.0; Win64; x64) AppleWebKit/537.36 (KHTML, like Gecko) Chrome/144.0.0.0 Safari/537.36\"","service":"sahara-fuel-api","timestamp":"2026-02-17 11:46:07"}
{"level":"info","message":"127.0.0.1 - - [17/Feb/2026:08:46:07 +0000] \"GET /api/fuel?page=1&limit=100 HTTP/1.1\" 304 - \"http://localhost:57485/\" \"Mozilla/5.0 (Windows NT 10.0; Win64; x64) AppleWebKit/537.36 (KHTML, like Gecko) Chrome/144.0.0.0 Safari/537.36\"","service":"sahara-fuel-api","timestamp":"2026-02-17 11:46:07"}
{"level":"info","message":"127.0.0.1 - - [17/Feb/2026:08:46:07 +0000] \"GET /api/fuel/stats/summary HTTP/1.1\" 304 - \"http://localhost:57485/\" \"Mozilla/5.0 (Windows NT 10.0; Win64; x64) AppleWebKit/537.36 (KHTML, like Gecko) Chrome/144.0.0.0 Safari/537.36\"","service":"sahara-fuel-api","timestamp":"2026-02-17 11:46:07"}
{"level":"info","message":"127.0.0.1 - - [17/Feb/2026:08:46:41 +0000] \"GET /api/health HTTP/1.1\" 200 134 \"http://localhost:57485/\" \"Mozilla/5.0 (Windows NT 10.0; Win64; x64) AppleWebKit/537.36 (KHTML, like Gecko) Chrome/144.0.0.0 Safari/537.36\"","service":"sahara-fuel-api","timestamp":"2026-02-17 11:46:41"}
{"level":"info","message":"127.0.0.1 - - [17/Feb/2026:08:46:41 +0000] \"GET /api/tanks HTTP/1.1\" 304 - \"http://localhost:57485/\" \"Mozilla/5.0 (Windows NT 10.0; Win64; x64) AppleWebKit/537.36 (KHTML, like Gecko) Chrome/144.0.0.0 Safari/537.36\"","service":"sahara-fuel-api","timestamp":"2026-02-17 11:46:41"}
{"level":"info","message":"127.0.0.1 - - [17/Feb/2026:08:46:41 +0000] \"GET /api/health HTTP/1.1\" 200 134 \"http://localhost:57485/\" \"Mozilla/5.0 (Windows NT 10.0; Win64; x64) AppleWebKit/537.36 (KHTML, like Gecko) Chrome/144.0.0.0 Safari/537.36\"","service":"sahara-fuel-api","timestamp":"2026-02-17 11:46:41"}
{"level":"info","message":"PostgreSQL connected at Tue Feb 17 2026 12:40:10 GMT+0300 (Arabian Standard Time)","service":"sahara-fuel-api","timestamp":"2026-02-17 12:40:10"}
{"level":"info","message":"✅ PostgreSQL متصل","service":"sahara-fuel-api","timestamp":"2026-02-17 12:40:10"}
{"level":"warn","message":"⚠️ Redis غير متاح - يعمل بدون cache","service":"sahara-fuel-api","timestamp":"2026-02-17 12:40:10"}
{"level":"info","message":"127.0.0.1 - - [17/Feb/2026:10:59:16 +0000] \"POST /api/auth/login HTTP/1.1\" 200 733 \"http://localhost:51005/\" \"Mozilla/5.0 (Windows NT 10.0; Win64; x64) AppleWebKit/537.36 (KHTML, like Gecko) Chrome/144.0.0.0 Safari/537.36\"","service":"sahara-fuel-api","timestamp":"2026-02-17 13:59:16"}
{"level":"info","message":"127.0.0.1 - - [17/Feb/2026:10:59:16 +0000] \"GET /api/health HTTP/1.1\" 200 134 \"http://localhost:51005/\" \"Mozilla/5.0 (Windows NT 10.0; Win64; x64) AppleWebKit/537.36 (KHTML, like Gecko) Chrome/144.0.0.0 Safari/537.36\"","service":"sahara-fuel-api","timestamp":"2026-02-17 13:59:16"}
{"level":"info","message":"127.0.0.1 - - [17/Feb/2026:10:59:16 +0000] \"GET /api/tanks HTTP/1.1\" 200 2808 \"http://localhost:51005/\" \"Mozilla/5.0 (Windows NT 10.0; Win64; x64) AppleWebKit/537.36 (KHTML, like Gecko) Chrome/144.0.0.0 Safari/537.36\"","service":"sahara-fuel-api","timestamp":"2026-02-17 13:59:16"}
{"level":"info","message":"127.0.0.1 - - [17/Feb/2026:10:59:16 +0000] \"GET /api/fuel?page=1&limit=100 HTTP/1.1\" 200 82 \"http://localhost:51005/\" \"Mozilla/5.0 (Windows NT 10.0; Win64; x64) AppleWebKit/537.36 (KHTML, like Gecko) Chrome/144.0.0.0 Safari/537.36\"","service":"sahara-fuel-api","timestamp":"2026-02-17 13:59:16"}
{"level":"info","message":"127.0.0.1 - - [17/Feb/2026:10:59:16 +0000] \"GET /api/fuel/stats/summary HTTP/1.1\" 200 131 \"http://localhost:51005/\" \"Mozilla/5.0 (Windows NT 10.0; Win64; x64) AppleWebKit/537.36 (KHTML, like Gecko) Chrome/144.0.0.0 Safari/537.36\"","service":"sahara-fuel-api","timestamp":"2026-02-17 13:59:16"}
{"level":"info","message":"127.0.0.1 - - [17/Feb/2026:10:59:43 +0000] \"GET /api/health HTTP/1.1\" 200 134 \"http://localhost:51005/\" \"Mozilla/5.0 (Windows NT 10.0; Win64; x64) AppleWebKit/537.36 (KHTML, like Gecko) Chrome/144.0.0.0 Safari/537.36\"","service":"sahara-fuel-api","timestamp":"2026-02-17 13:59:43"}
{"level":"info","message":"127.0.0.1 - - [17/Feb/2026:10:59:43 +0000] \"GET /api/tanks HTTP/1.1\" 304 - \"http://localhost:51005/\" \"Mozilla/5.0 (Windows NT 10.0; Win64; x64) AppleWebKit/537.36 (KHTML, like Gecko) Chrome/144.0.0.0 Safari/537.36\"","service":"sahara-fuel-api","timestamp":"2026-02-17 13:59:43"}
{"level":"info","message":"127.0.0.1 - - [17/Feb/2026:10:59:43 +0000] \"GET /api/fuel?page=1&limit=100 HTTP/1.1\" 304 - \"http://localhost:51005/\" \"Mozilla/5.0 (Windows NT 10.0; Win64; x64) AppleWebKit/537.36 (KHTML, like Gecko) Chrome/144.0.0.0 Safari/537.36\"","service":"sahara-fuel-api","timestamp":"2026-02-17 13:59:43"}
{"level":"info","message":"127.0.0.1 - - [17/Feb/2026:10:59:43 +0000] \"GET /api/fuel/stats/summary HTTP/1.1\" 304 - \"http://localhost:51005/\" \"Mozilla/5.0 (Windows NT 10.0; Win64; x64) AppleWebKit/537.36 (KHTML, like Gecko) Chrome/144.0.0.0 Safari/537.36\"","service":"sahara-fuel-api","timestamp":"2026-02-17 13:59:43"}
{"level":"info","message":"127.0.0.1 - - [17/Feb/2026:10:59:49 +0000] \"GET /api/health HTTP/1.1\" 200 134 \"http://localhost:51005/\" \"Mozilla/5.0 (Windows NT 10.0; Win64; x64) AppleWebKit/537.36 (KHTML, like Gecko) Chrome/144.0.0.0 Safari/537.36\"","service":"sahara-fuel-api","timestamp":"2026-02-17 13:59:49"}
{"level":"info","message":"127.0.0.1 - - [17/Feb/2026:10:59:49 +0000] \"GET /api/tanks HTTP/1.1\" 304 - \"http://localhost:51005/\" \"Mozilla/5.0 (Windows NT 10.0; Win64; x64) AppleWebKit/537.36 (KHTML, like Gecko) Chrome/144.0.0.0 Safari/537.36\"","service":"sahara-fuel-api","timestamp":"2026-02-17 13:59:49"}
{"level":"info","message":"127.0.0.1 - - [17/Feb/2026:10:59:50 +0000] \"GET /api/health HTTP/1.1\" 200 134 \"http://localhost:51005/\" \"Mozilla/5.0 (Windows NT 10.0; Win64; x64) AppleWebKit/537.36 (KHTML, like Gecko) Chrome/144.0.0.0 Safari/537.36\"","service":"sahara-fuel-api","timestamp":"2026-02-17 13:59:50"}
{"level":"info","message":"127.0.0.1 - - [17/Feb/2026:11:00:02 +0000] \"GET /api/health HTTP/1.1\" 200 134 \"http://localhost:51005/\" \"Mozilla/5.0 (Windows NT 10.0; Win64; x64) AppleWebKit/537.36 (KHTML, like Gecko) Chrome/144.0.0.0 Safari/537.36\"","service":"sahara-fuel-api","timestamp":"2026-02-17 14:00:02"}
{"level":"info","message":"127.0.0.1 - - [17/Feb/2026:11:00:03 +0000] \"GET /api/tanks HTTP/1.1\" 304 - \"http://localhost:51005/\" \"Mozilla/5.0 (Windows NT 10.0; Win64; x64) AppleWebKit/537.36 (KHTML, like Gecko) Chrome/144.0.0.0 Safari/537.36\"","service":"sahara-fuel-api","timestamp":"2026-02-17 14:00:03"}
{"level":"info","message":"127.0.0.1 - - [17/Feb/2026:11:00:03 +0000] \"GET /api/health HTTP/1.1\" 200 134 \"http://localhost:51005/\" \"Mozilla/5.0 (Windows NT 10.0; Win64; x64) AppleWebKit/537.36 (KHTML, like Gecko) Chrome/144.0.0.0 Safari/537.36\"","service":"sahara-fuel-api","timestamp":"2026-02-17 14:00:03"}
{"level":"info","message":"127.0.0.1 - - [17/Feb/2026:11:00:45 +0000] \"GET /api/health HTTP/1.1\" 200 134 \"http://localhost:51005/\" \"Mozilla/5.0 (Windows NT 10.0; Win64; x64) AppleWebKit/537.36 (KHTML, like Gecko) Chrome/144.0.0.0 Safari/537.36\"","service":"sahara-fuel-api","timestamp":"2026-02-17 14:00:45"}
{"level":"info","message":"127.0.0.1 - - [17/Feb/2026:11:00:46 +0000] \"GET /api/tanks HTTP/1.1\" 304 - \"http://localhost:51005/\" \"Mozilla/5.0 (Windows NT 10.0; Win64; x64) AppleWebKit/537.36 (KHTML, like Gecko) Chrome/144.0.0.0 Safari/537.36\"","service":"sahara-fuel-api","timestamp":"2026-02-17 14:00:46"}
{"level":"info","message":"127.0.0.1 - - [17/Feb/2026:11:00:46 +0000] \"GET /api/health HTTP/1.1\" 200 134 \"http://localhost:51005/\" \"Mozilla/5.0 (Windows NT 10.0; Win64; x64) AppleWebKit/537.36 (KHTML, like Gecko) Chrome/144.0.0.0 Safari/537.36\"","service":"sahara-fuel-api","timestamp":"2026-02-17 14:00:46"}
{"level":"info","message":"127.0.0.1 - - [17/Feb/2026:11:56:14 +0000] \"POST /api/auth/login HTTP/1.1\" 200 733 \"http://localhost:58413/\" \"Mozilla/5.0 (Windows NT 10.0; Win64; x64) AppleWebKit/537.36 (KHTML, like Gecko) Chrome/144.0.0.0 Safari/537.36\"","service":"sahara-fuel-api","timestamp":"2026-02-17 14:56:14"}
{"level":"info","message":"127.0.0.1 - - [17/Feb/2026:11:56:14 +0000] \"GET /api/health HTTP/1.1\" 200 134 \"http://localhost:58413/\" \"Mozilla/5.0 (Windows NT 10.0; Win64; x64) AppleWebKit/537.36 (KHTML, like Gecko) Chrome/144.0.0.0 Safari/537.36\"","service":"sahara-fuel-api","timestamp":"2026-02-17 14:56:14"}
{"level":"info","message":"127.0.0.1 - - [17/Feb/2026:11:56:14 +0000] \"GET /api/tanks HTTP/1.1\" 200 2808 \"http://localhost:58413/\" \"Mozilla/5.0 (Windows NT 10.0; Win64; x64) AppleWebKit/537.36 (KHTML, like Gecko) Chrome/144.0.0.0 Safari/537.36\"","service":"sahara-fuel-api","timestamp":"2026-02-17 14:56:14"}
{"level":"info","message":"127.0.0.1 - - [17/Feb/2026:11:56:14 +0000] \"GET /api/fuel?page=1&limit=100 HTTP/1.1\" 200 82 \"http://localhost:58413/\" \"Mozilla/5.0 (Windows NT 10.0; Win64; x64) AppleWebKit/537.36 (KHTML, like Gecko) Chrome/144.0.0.0 Safari/537.36\"","service":"sahara-fuel-api","timestamp":"2026-02-17 14:56:14"}
{"level":"info","message":"127.0.0.1 - - [17/Feb/2026:11:56:14 +0000] \"GET /api/fuel/stats/summary HTTP/1.1\" 200 131 \"http://localhost:58413/\" \"Mozilla/5.0 (Windows NT 10.0; Win64; x64) AppleWebKit/537.36 (KHTML, like Gecko) Chrome/144.0.0.0 Safari/537.36\"","service":"sahara-fuel-api","timestamp":"2026-02-17 14:56:14"}
{"level":"info","message":"127.0.0.1 - - [17/Feb/2026:12:15:20 +0000] \"POST /api/auth/login HTTP/1.1\" 200 733 \"http://localhost:58413/\" \"Mozilla/5.0 (Windows NT 10.0; Win64; x64) AppleWebKit/537.36 (KHTML, like Gecko) Chrome/144.0.0.0 Safari/537.36\"","service":"sahara-fuel-api","timestamp":"2026-02-17 15:15:20"}
{"level":"info","message":"127.0.0.1 - - [17/Feb/2026:12:15:20 +0000] \"GET /api/health HTTP/1.1\" 200 134 \"http://localhost:58413/\" \"Mozilla/5.0 (Windows NT 10.0; Win64; x64) AppleWebKit/537.36 (KHTML, like Gecko) Chrome/144.0.0.0 Safari/537.36\"","service":"sahara-fuel-api","timestamp":"2026-02-17 15:15:20"}
{"level":"info","message":"127.0.0.1 - - [17/Feb/2026:12:15:20 +0000] \"GET /api/tanks HTTP/1.1\" 304 - \"http://localhost:58413/\" \"Mozilla/5.0 (Windows NT 10.0; Win64; x64) AppleWebKit/537.36 (KHTML, like Gecko) Chrome/144.0.0.0 Safari/537.36\"","service":"sahara-fuel-api","timestamp":"2026-02-17 15:15:20"}
{"level":"info","message":"127.0.0.1 - - [17/Feb/2026:12:15:20 +0000] \"GET /api/fuel?page=1&limit=100 HTTP/1.1\" 304 - \"http://localhost:58413/\" \"Mozilla/5.0 (Windows NT 10.0; Win64; x64) AppleWebKit/537.36 (KHTML, like Gecko) Chrome/144.0.0.0 Safari/537.36\"","service":"sahara-fuel-api","timestamp":"2026-02-17 15:15:20"}
{"level":"info","message":"127.0.0.1 - - [17/Feb/2026:12:15:20 +0000] \"GET /api/fuel/stats/summary HTTP/1.1\" 304 - \"http://localhost:58413/\" \"Mozilla/5.0 (Windows NT 10.0; Win64; x64) AppleWebKit/537.36 (KHTML, like Gecko) Chrome/144.0.0.0 Safari/537.36\"","service":"sahara-fuel-api","timestamp":"2026-02-17 15:15:20"}
{"level":"info","message":"PostgreSQL connected at Tue Feb 17 2026 16:04:56 GMT+0300 (Arabian Standard Time)","service":"sahara-fuel-api","timestamp":"2026-02-17 16:04:56"}
{"level":"info","message":"✅ PostgreSQL متصل","service":"sahara-fuel-api","timestamp":"2026-02-17 16:04:56"}
{"level":"warn","message":"⚠️ Redis غير متاح - يعمل بدون cache","service":"sahara-fuel-api","timestamp":"2026-02-17 16:04:56"}
{"level":"warn","message":"Slow query (1124ms): SELECT id, email, name, password_hash, role, is_active, tenant_id, permissions\n       FROM users WHE","service":"sahara-fuel-api","timestamp":"2026-02-17 16:05:49"}
{"level":"info","message":"127.0.0.1 - - [17/Feb/2026:13:05:50 +0000] \"POST /api/auth/login HTTP/1.1\" 200 733 \"http://localhost:51199/\" \"Mozilla/5.0 (Windows NT 10.0; Win64; x64) AppleWebKit/537.36 (KHTML, like Gecko) Chrome/144.0.0.0 Safari/537.36\"","service":"sahara-fuel-api","timestamp":"2026-02-17 16:05:50"}
{"level":"info","message":"127.0.0.1 - - [17/Feb/2026:13:05:50 +0000] \"GET /api/health HTTP/1.1\" 200 134 \"http://localhost:51199/\" \"Mozilla/5.0 (Windows NT 10.0; Win64; x64) AppleWebKit/537.36 (KHTML, like Gecko) Chrome/144.0.0.0 Safari/537.36\"","service":"sahara-fuel-api","timestamp":"2026-02-17 16:05:50"}
{"level":"info","message":"127.0.0.1 - - [17/Feb/2026:13:05:50 +0000] \"GET /api/tanks HTTP/1.1\" 200 2808 \"http://localhost:51199/\" \"Mozilla/5.0 (Windows NT 10.0; Win64; x64) AppleWebKit/537.36 (KHTML, like Gecko) Chrome/144.0.0.0 Safari/537.36\"","service":"sahara-fuel-api","timestamp":"2026-02-17 16:05:50"}
{"level":"info","message":"127.0.0.1 - - [17/Feb/2026:13:05:50 +0000] \"GET /api/fuel?page=1&limit=100 HTTP/1.1\" 200 82 \"http://localhost:51199/\" \"Mozilla/5.0 (Windows NT 10.0; Win64; x64) AppleWebKit/537.36 (KHTML, like Gecko) Chrome/144.0.0.0 Safari/537.36\"","service":"sahara-fuel-api","timestamp":"2026-02-17 16:05:50"}
{"level":"info","message":"127.0.0.1 - - [17/Feb/2026:13:05:51 +0000] \"GET /api/fuel/stats/summary HTTP/1.1\" 200 131 \"http://localhost:51199/\" \"Mozilla/5.0 (Windows NT 10.0; Win64; x64) AppleWebKit/537.36 (KHTML, like Gecko) Chrome/144.0.0.0 Safari/537.36\"","service":"sahara-fuel-api","timestamp":"2026-02-17 16:05:51"}
{"level":"info","message":"PostgreSQL connected at Tue Feb 17 2026 17:09:53 GMT+0300 (Arabian Standard Time)","service":"sahara-fuel-api","timestamp":"2026-02-17 17:09:53"}
{"level":"info","message":"✅ PostgreSQL متصل","service":"sahara-fuel-api","timestamp":"2026-02-17 17:09:53"}
{"level":"warn","message":"⚠️ Redis غير متاح - يعمل بدون cache","service":"sahara-fuel-api","timestamp":"2026-02-17 17:09:53"}
{"level":"info","message":"✅ Redis متصل","service":"sahara-fuel-api","timestamp":"2026-02-17 17:09:53"}
{"level":"info","message":"🚀 Sahara Fuel SaaS API يعمل على المنفذ 3000","service":"sahara-fuel-api","timestamp":"2026-02-17 17:09:53"}
{"level":"info","message":"📍 البيئة: development","service":"sahara-fuel-api","timestamp":"2026-02-17 17:09:53"}
{"level":"info","message":"📖 API Docs: http://localhost:3000/api","service":"sahara-fuel-api","timestamp":"2026-02-17 17:09:53"}
{"level":"info","message":"💚 Health: http://localhost:3000/api/health","service":"sahara-fuel-api","timestamp":"2026-02-17 17:09:53"}
{"level":"info","message":"127.0.0.1 - - [17/Feb/2026:14:09:55 +0000] \"POST /api/auth/login HTTP/1.1\" 200 733 \"http://localhost:58892/\" \"Mozilla/5.0 (Windows NT 10.0; Win64; x64) AppleWebKit/537.36 (KHTML, like Gecko) Chrome/144.0.0.0 Safari/537.36\"","service":"sahara-fuel-api","timestamp":"2026-02-17 17:09:55"}
{"level":"info","message":"127.0.0.1 - - [17/Feb/2026:14:09:55 +0000] \"GET /api/health HTTP/1.1\" 200 134 \"http://localhost:58892/\" \"Mozilla/5.0 (Windows NT 10.0; Win64; x64) AppleWebKit/537.36 (KHTML, like Gecko) Chrome/144.0.0.0 Safari/537.36\"","service":"sahara-fuel-api","timestamp":"2026-02-17 17:09:55"}
{"level":"info","message":"127.0.0.1 - - [17/Feb/2026:14:09:55 +0000] \"GET /api/tanks HTTP/1.1\" 200 2808 \"http://localhost:58892/\" \"Mozilla/5.0 (Windows NT 10.0; Win64; x64) AppleWebKit/537.36 (KHTML, like Gecko) Chrome/144.0.0.0 Safari/537.36\"","service":"sahara-fuel-api","timestamp":"2026-02-17 17:09:55"}
{"level":"info","message":"127.0.0.1 - - [17/Feb/2026:14:09:55 +0000] \"GET /api/fuel?page=1&limit=100 HTTP/1.1\" 200 82 \"http://localhost:58892/\" \"Mozilla/5.0 (Windows NT 10.0; Win64; x64) AppleWebKit/537.36 (KHTML, like Gecko) Chrome/144.0.0.0 Safari/537.36\"","service":"sahara-fuel-api","timestamp":"2026-02-17 17:09:55"}
{"level":"info","message":"127.0.0.1 - - [17/Feb/2026:14:09:55 +0000] \"GET /api/fuel/stats/summary HTTP/1.1\" 200 131 \"http://localhost:58892/\" \"Mozilla/5.0 (Windows NT 10.0; Win64; x64) AppleWebKit/537.36 (KHTML, like Gecko) Chrome/144.0.0.0 Safari/537.36\"","service":"sahara-fuel-api","timestamp":"2026-02-17 17:09:55"}
{"level":"info","message":"127.0.0.1 - - [17/Feb/2026:14:11:39 +0000] \"GET /api/health HTTP/1.1\" 200 134 \"http://localhost:58892/\" \"Mozilla/5.0 (Windows NT 10.0; Win64; x64) AppleWebKit/537.36 (KHTML, like Gecko) Chrome/144.0.0.0 Safari/537.36\"","service":"sahara-fuel-api","timestamp":"2026-02-17 17:11:39"}
{"level":"info","message":"127.0.0.1 - - [17/Feb/2026:14:11:39 +0000] \"GET /api/tanks HTTP/1.1\" 304 - \"http://localhost:58892/\" \"Mozilla/5.0 (Windows NT 10.0; Win64; x64) AppleWebKit/537.36 (KHTML, like Gecko) Chrome/144.0.0.0 Safari/537.36\"","service":"sahara-fuel-api","timestamp":"2026-02-17 17:11:39"}
{"level":"info","message":"127.0.0.1 - - [17/Feb/2026:14:11:39 +0000] \"GET /api/health HTTP/1.1\" 200 134 \"http://localhost:58892/\" \"Mozilla/5.0 (Windows NT 10.0; Win64; x64) AppleWebKit/537.36 (KHTML, like Gecko) Chrome/144.0.0.0 Safari/537.36\"","service":"sahara-fuel-api","timestamp":"2026-02-17 17:11:39"}
{"level":"info","message":"PostgreSQL connected at Wed Feb 18 2026 00:19:43 GMT+0300 (Arabian Standard Time)","service":"sahara-fuel-api","timestamp":"2026-02-18 00:19:43"}
{"level":"info","message":"✅ PostgreSQL متصل","service":"sahara-fuel-api","timestamp":"2026-02-18 00:19:43"}
{"level":"warn","message":"⚠️ Redis غير متاح - يعمل بدون cache","service":"sahara-fuel-api","timestamp":"2026-02-18 00:19:43"}
{"level":"info","message":"✅ Redis متصل","service":"sahara-fuel-api","timestamp":"2026-02-18 00:19:43"}
{"level":"info","message":"🚀 Sahara Fuel SaaS API يعمل على المنفذ 3000","service":"sahara-fuel-api","timestamp":"2026-02-18 00:19:43"}
{"level":"info","message":"📍 البيئة: development","service":"sahara-fuel-api","timestamp":"2026-02-18 00:19:43"}
{"level":"info","message":"📖 API Docs: http://localhost:3000/api","service":"sahara-fuel-api","timestamp":"2026-02-18 00:19:43"}
{"level":"info","message":"💚 Health: http://localhost:3000/api/health","service":"sahara-fuel-api","timestamp":"2026-02-18 00:19:43"}
{"level":"info","message":"PostgreSQL connected at Wed Feb 18 2026 07:23:11 GMT+0300 (Arabian Standard Time)","service":"sahara-fuel-api","timestamp":"2026-02-18 07:23:11"}
{"level":"info","message":"✅ PostgreSQL متصل","service":"sahara-fuel-api","timestamp":"2026-02-18 07:23:11"}
{"level":"warn","message":"⚠️ Redis غير متاح - يعمل بدون cache","service":"sahara-fuel-api","timestamp":"2026-02-18 07:23:11"}
{"level":"info","message":"✅ Redis متصل","service":"sahara-fuel-api","timestamp":"2026-02-18 07:23:11"}
{"level":"info","message":"🚀 Sahara Fuel SaaS API يعمل على المنفذ 3000","service":"sahara-fuel-api","timestamp":"2026-02-18 07:23:11"}
{"level":"info","message":"📍 البيئة: development","service":"sahara-fuel-api","timestamp":"2026-02-18 07:23:11"}
{"level":"info","message":"📖 API Docs: http://localhost:3000/api","service":"sahara-fuel-api","timestamp":"2026-02-18 07:23:11"}
{"level":"info","message":"💚 Health: http://localhost:3000/api/health","service":"sahara-fuel-api","timestamp":"2026-02-18 07:23:11"}
{"level":"info","message":"127.0.0.1 - - [18/Feb/2026:04:24:10 +0000] \"POST /api/auth/login HTTP/1.1\" 200 733 \"http://localhost:55176/\" \"Mozilla/5.0 (Windows NT 10.0; Win64; x64) AppleWebKit/537.36 (KHTML, like Gecko) Chrome/144.0.0.0 Safari/537.36\"","service":"sahara-fuel-api","timestamp":"2026-02-18 07:24:10"}
{"level":"info","message":"127.0.0.1 - - [18/Feb/2026:04:24:10 +0000] \"GET /api/health HTTP/1.1\" 200 134 \"http://localhost:55176/\" \"Mozilla/5.0 (Windows NT 10.0; Win64; x64) AppleWebKit/537.36 (KHTML, like Gecko) Chrome/144.0.0.0 Safari/537.36\"","service":"sahara-fuel-api","timestamp":"2026-02-18 07:24:10"}
{"level":"info","message":"127.0.0.1 - - [18/Feb/2026:04:24:10 +0000] \"GET /api/tanks HTTP/1.1\" 200 2808 \"http://localhost:55176/\" \"Mozilla/5.0 (Windows NT 10.0; Win64; x64) AppleWebKit/537.36 (KHTML, like Gecko) Chrome/144.0.0.0 Safari/537.36\"","service":"sahara-fuel-api","timestamp":"2026-02-18 07:24:10"}
{"level":"info","message":"127.0.0.1 - - [18/Feb/2026:04:24:10 +0000] \"GET /api/fuel?page=1&limit=100 HTTP/1.1\" 200 82 \"http://localhost:55176/\" \"Mozilla/5.0 (Windows NT 10.0; Win64; x64) AppleWebKit/537.36 (KHTML, like Gecko) Chrome/144.0.0.0 Safari/537.36\"","service":"sahara-fuel-api","timestamp":"2026-02-18 07:24:10"}
{"level":"info","message":"127.0.0.1 - - [18/Feb/2026:04:24:10 +0000] \"GET /api/fuel/stats/summary HTTP/1.1\" 200 131 \"http://localhost:55176/\" \"Mozilla/5.0 (Windows NT 10.0; Win64; x64) AppleWebKit/537.36 (KHTML, like Gecko) Chrome/144.0.0.0 Safari/537.36\"","service":"sahara-fuel-api","timestamp":"2026-02-18 07:24:10"}
{"level":"info","message":"PostgreSQL connected at Wed Feb 18 2026 08:03:00 GMT+0300 (Arabian Standard Time)","service":"sahara-fuel-api","timestamp":"2026-02-18 08:03:00"}
{"level":"info","message":"✅ PostgreSQL متصل","service":"sahara-fuel-api","timestamp":"2026-02-18 08:03:00"}
{"level":"warn","message":"⚠️ Redis غير متاح - يعمل بدون cache","service":"sahara-fuel-api","timestamp":"2026-02-18 08:03:00"}
{"level":"info","message":"PostgreSQL connected at Wed Feb 18 2026 08:13:47 GMT+0300 (Arabian Standard Time)","service":"sahara-fuel-api","timestamp":"2026-02-18 08:13:47"}
{"level":"info","message":"✅ PostgreSQL متصل","service":"sahara-fuel-api","timestamp":"2026-02-18 08:13:47"}
{"level":"warn","message":"⚠️ Redis غير متاح - يعمل بدون cache","service":"sahara-fuel-api","timestamp":"2026-02-18 08:13:47"}
{"level":"info","message":"✅ Redis متصل","service":"sahara-fuel-api","timestamp":"2026-02-18 08:13:47"}
{"level":"info","message":"🚀 Sahara Fuel SaaS API يعمل على المنفذ 3000","service":"sahara-fuel-api","timestamp":"2026-02-18 08:13:47"}
{"level":"info","message":"📍 البيئة: development","service":"sahara-fuel-api","timestamp":"2026-02-18 08:13:47"}
{"level":"info","message":"📖 API Docs: http://localhost:3000/api","service":"sahara-fuel-api","timestamp":"2026-02-18 08:13:47"}
{"level":"info","message":"💚 Health: http://localhost:3000/api/health","service":"sahara-fuel-api","timestamp":"2026-02-18 08:13:47"}
{"level":"info","message":"127.0.0.1 - - [18/Feb/2026:05:14:12 +0000] \"POST /api/auth/login HTTP/1.1\" 200 733 \"http://localhost:53617/\" \"Mozilla/5.0 (Windows NT 10.0; Win64; x64) AppleWebKit/537.36 (KHTML, like Gecko) Chrome/144.0.0.0 Safari/537.36\"","service":"sahara-fuel-api","timestamp":"2026-02-18 08:14:12"}
{"level":"info","message":"127.0.0.1 - - [18/Feb/2026:05:14:12 +0000] \"GET /api/health HTTP/1.1\" 200 134 \"http://localhost:53617/\" \"Mozilla/5.0 (Windows NT 10.0; Win64; x64) AppleWebKit/537.36 (KHTML, like Gecko) Chrome/144.0.0.0 Safari/537.36\"","service":"sahara-fuel-api","timestamp":"2026-02-18 08:14:12"}
{"level":"info","message":"127.0.0.1 - - [18/Feb/2026:05:14:12 +0000] \"GET /api/tanks HTTP/1.1\" 200 2808 \"http://localhost:53617/\" \"Mozilla/5.0 (Windows NT 10.0; Win64; x64) AppleWebKit/537.36 (KHTML, like Gecko) Chrome/144.0.0.0 Safari/537.36\"","service":"sahara-fuel-api","timestamp":"2026-02-18 08:14:12"}
{"level":"info","message":"127.0.0.1 - - [18/Feb/2026:05:14:12 +0000] \"GET /api/fuel?page=1&limit=100 HTTP/1.1\" 200 82 \"http://localhost:53617/\" \"Mozilla/5.0 (Windows NT 10.0; Win64; x64) AppleWebKit/537.36 (KHTML, like Gecko) Chrome/144.0.0.0 Safari/537.36\"","service":"sahara-fuel-api","timestamp":"2026-02-18 08:14:12"}
{"level":"info","message":"127.0.0.1 - - [18/Feb/2026:05:14:12 +0000] \"GET /api/fuel/stats/summary HTTP/1.1\" 200 131 \"http://localhost:53617/\" \"Mozilla/5.0 (Windows NT 10.0; Win64; x64) AppleWebKit/537.36 (KHTML, like Gecko) Chrome/144.0.0.0 Safari/537.36\"","service":"sahara-fuel-api","timestamp":"2026-02-18 08:14:12"}
{"level":"info","message":"127.0.0.1 - - [18/Feb/2026:05:16:38 +0000] \"POST /api/auth/login HTTP/1.1\" 200 733 \"http://localhost:53237/\" \"Mozilla/5.0 (Windows NT 10.0; Win64; x64) AppleWebKit/537.36 (KHTML, like Gecko) Chrome/144.0.0.0 Safari/537.36\"","service":"sahara-fuel-api","timestamp":"2026-02-18 08:16:38"}
{"level":"info","message":"127.0.0.1 - - [18/Feb/2026:05:16:38 +0000] \"GET /api/health HTTP/1.1\" 200 134 \"http://localhost:53237/\" \"Mozilla/5.0 (Windows NT 10.0; Win64; x64) AppleWebKit/537.36 (KHTML, like Gecko) Chrome/144.0.0.0 Safari/537.36\"","service":"sahara-fuel-api","timestamp":"2026-02-18 08:16:38"}
{"level":"info","message":"127.0.0.1 - - [18/Feb/2026:05:16:38 +0000] \"GET /api/tanks HTTP/1.1\" 200 2808 \"http://localhost:53237/\" \"Mozilla/5.0 (Windows NT 10.0; Win64; x64) AppleWebKit/537.36 (KHTML, like Gecko) Chrome/144.0.0.0 Safari/537.36\"","service":"sahara-fuel-api","timestamp":"2026-02-18 08:16:38"}
{"level":"info","message":"127.0.0.1 - - [18/Feb/2026:05:16:38 +0000] \"GET /api/fuel?page=1&limit=100 HTTP/1.1\" 200 82 \"http://localhost:53237/\" \"Mozilla/5.0 (Windows NT 10.0; Win64; x64) AppleWebKit/537.36 (KHTML, like Gecko) Chrome/144.0.0.0 Safari/537.36\"","service":"sahara-fuel-api","timestamp":"2026-02-18 08:16:38"}
{"level":"info","message":"127.0.0.1 - - [18/Feb/2026:05:16:38 +0000] \"GET /api/fuel/stats/summary HTTP/1.1\" 200 131 \"http://localhost:53237/\" \"Mozilla/5.0 (Windows NT 10.0; Win64; x64) AppleWebKit/537.36 (KHTML, like Gecko) Chrome/144.0.0.0 Safari/537.36\"","service":"sahara-fuel-api","timestamp":"2026-02-18 08:16:38"}
